https://wolnelektury.pl/katalog/lektura/brzydkie-kaczatko/	Katarzyna Maciąg	https://wolnelektury.pl/media/book/txt/brzydkie-kaczatko.txt	https://wolnelektury.pl/katalog/zip/mp3/brzydkie-kaczatko.zip	https://wolnelektury.pl/media/book/xml/brzydkie-kaczatko.xml
https://wolnelektury.pl/katalog/lektura/calineczka/	Wiktor Korzeniewski	https://wolnelektury.pl/media/book/txt/calineczka.txt	https://wolnelektury.pl/katalog/zip/mp3/calineczka.zip	https://wolnelektury.pl/media/book/xml/calineczka.xml
https://wolnelektury.pl/katalog/lektura/dziewczynka-z-zapalkami/	Wiktor Korzeniewski	https://wolnelektury.pl/media/book/txt/dziewczynka-z-zapalkami.txt	https://wolnelektury.pl/katalog/zip/mp3/dziewczynka-z-zapalkami.zip	https://wolnelektury.pl/media/book/xml/dziewczynka-z-zapalkami.xml
https://wolnelektury.pl/katalog/lektura/dzwony/	Wiktor Korzeniewski	https://wolnelektury.pl/media/book/txt/dzwony.txt	https://wolnelektury.pl/katalog/zip/mp3/dzwony.zip	https://wolnelektury.pl/media/book/xml/dzwony.xml
https://wolnelektury.pl/katalog/lektura/historia-roku/	Wiktor Korzeniewski	https://wolnelektury.pl/media/book/txt/historia-roku.txt	https://wolnelektury.pl/katalog/zip/mp3/historia-roku.zip	https://wolnelektury.pl/media/book/xml/historia-roku.xml
https://wolnelektury.pl/katalog/lektura/krolowa-sniegu/	Magdalena Popławska	https://wolnelektury.pl/media/book/txt/krolowa-sniegu.txt	https://wolnelektury.pl/katalog/zip/mp3/krolowa-sniegu.zip	https://wolnelektury.pl/media/book/xml/krolowa-sniegu.xml
https://wolnelektury.pl/katalog/lektura/daremne-zale/	Piotr Głowacki	https://wolnelektury.pl/media/book/txt/daremne-zale.txt	https://wolnelektury.pl/katalog/zip/mp3/daremne-zale.zip	https://wolnelektury.pl/media/book/xml/daremne-zale.xml
https://wolnelektury.pl/katalog/lektura/do-mlodych/	Jan Peszek	https://wolnelektury.pl/media/book/txt/do-mlodych.txt	https://wolnelektury.pl/katalog/zip/mp3/do-mlodych.zip	https://wolnelektury.pl/media/book/xml/do-mlodych.xml
https://wolnelektury.pl/katalog/lektura/miedzy-nami-nic-nie-bylo/	Piotr Głowacki	https://wolnelektury.pl/media/book/txt/miedzy-nami-nic-nie-bylo.txt	https://wolnelektury.pl/katalog/zip/mp3/miedzy-nami-nic-nie-bylo.zip	https://wolnelektury.pl/media/book/xml/miedzy-nami-nic-nie-bylo.xml
https://wolnelektury.pl/katalog/lektura/zaczarowana-krolewna/	Piotr Głowacki	https://wolnelektury.pl/media/book/txt/zaczarowana-krolewna.txt	https://wolnelektury.pl/katalog/zip/mp3/zaczarowana-krolewna.zip	https://wolnelektury.pl/media/book/xml/zaczarowana-krolewna.xml
https://wolnelektury.pl/katalog/lektura/balzac-komedia-ludzka-bank-nucingena/	Joanna Domańska	https://wolnelektury.pl/media/book/txt/balzac-komedia-ludzka-bank-nucingena.txt	https://wolnelektury.pl/katalog/zip/mp3/balzac-komedia-ludzka-bank-nucingena.zip	https://wolnelektury.pl/media/book/xml/balzac-komedia-ludzka-bank-nucingena.xml
https://wolnelektury.pl/katalog/lektura/balzac-komedia-ludzka-corka-ewy/	Wiktor Korzeniewski	https://wolnelektury.pl/media/book/txt/balzac-komedia-ludzka-corka-ewy.txt	https://wolnelektury.pl/katalog/zip/mp3/balzac-komedia-ludzka-corka-ewy.zip	https://wolnelektury.pl/media/book/xml/balzac-komedia-ludzka-corka-ewy.xml
https://wolnelektury.pl/katalog/lektura/balzac-komedia-ludzka-eugenia-grandet/	Wiktor Korzeniewski	https://wolnelektury.pl/media/book/txt/balzac-komedia-ludzka-eugenia-grandet.txt	https://wolnelektury.pl/katalog/zip/mp3/balzac-komedia-ludzka-eugenia-grandet.zip	https://wolnelektury.pl/media/book/xml/balzac-komedia-ludzka-eugenia-grandet.xml
https://wolnelektury.pl/katalog/lektura/balzac-komedia-ludzka-gobseck/	Joanna Domańska	https://wolnelektury.pl/media/book/txt/balzac-komedia-ludzka-gobseck.txt	https://wolnelektury.pl/katalog/zip/mp3/balzac-komedia-ludzka-gobseck.zip	https://wolnelektury.pl/media/book/xml/balzac-komedia-ludzka-gobseck.xml
https://wolnelektury.pl/katalog/lektura/balzac-komedia-ludzka-jaszczur/	Wiktor Korzeniewski	https://wolnelektury.pl/media/book/txt/balzac-komedia-ludzka-jaszczur.txt	https://wolnelektury.pl/katalog/zip/mp3/balzac-komedia-ludzka-jaszczur.zip	https://wolnelektury.pl/media/book/xml/balzac-komedia-ludzka-jaszczur.xml
https://wolnelektury.pl/katalog/lektura/balzac-komedia-ludzka-kobieta-porzucona/	Joanna Domańska	https://wolnelektury.pl/media/book/txt/balzac-komedia-ludzka-kobieta-porzucona.txt	https://wolnelektury.pl/katalog/zip/mp3/balzac-komedia-ludzka-kobieta-porzucona.zip	https://wolnelektury.pl/media/book/xml/balzac-komedia-ludzka-kobieta-porzucona.xml
https://wolnelektury.pl/katalog/lektura/balzac-komedia-ludzka-kobieta-trzydziestoletnia/	Joanna Domańska	https://wolnelektury.pl/media/book/txt/balzac-komedia-ludzka-kobieta-trzydziestoletnia.txt	https://wolnelektury.pl/katalog/zip/mp3/balzac-komedia-ludzka-kobieta-trzydziestoletnia.zip	https://wolnelektury.pl/media/book/xml/balzac-komedia-ludzka-kobieta-trzydziestoletnia.xml
https://wolnelektury.pl/katalog/lektura/balzac-komedia-ludzka-male-niedole-pozycia-malzenskiego/	Wiktor Korzeniewski	https://wolnelektury.pl/media/book/txt/balzac-komedia-ludzka-male-niedole-pozycia-malzenskiego.txt	https://wolnelektury.pl/katalog/zip/mp3/balzac-komedia-ludzka-male-niedole-pozycia-malzenskiego.zip	https://wolnelektury.pl/media/book/xml/balzac-komedia-ludzka-male-niedole-pozycia-malzenskiego.xml
https://wolnelektury.pl/katalog/lektura/balzac-komedia-ludzka-muza-z-zascianka/	Joanna Domańska 	https://wolnelektury.pl/media/book/txt/balzac-komedia-ludzka-muza-z-zascianka.txt	https://wolnelektury.pl/katalog/zip/mp3/balzac-komedia-ludzka-muza-z-zascianka.zip	https://wolnelektury.pl/media/book/xml/balzac-komedia-ludzka-muza-z-zascianka.xml
https://wolnelektury.pl/katalog/lektura/ojciec-goriot/	Wiktor Korzeniewski	https://wolnelektury.pl/media/book/txt/ojciec-goriot.txt	https://wolnelektury.pl/katalog/zip/mp3/ojciec-goriot.zip	https://wolnelektury.pl/media/book/xml/ojciec-goriot.xml
https://wolnelektury.pl/katalog/lektura/dobry-wieczor-nazywam-sie-mickiewicz/	Wiktor Korzeniewski	https://wolnelektury.pl/media/book/txt/dobry-wieczor-nazywam-sie-mickiewicz.txt	https://wolnelektury.pl/katalog/zip/mp3/dobry-wieczor-nazywam-sie-mickiewicz.zip	https://wolnelektury.pl/media/book/xml/dobry-wieczor-nazywam-sie-mickiewicz.xml
https://wolnelektury.pl/katalog/lektura/akslop/	Wiktor Korzeniewski	https://wolnelektury.pl/media/book/txt/akslop.txt	https://wolnelektury.pl/katalog/zip/mp3/akslop.zip	https://wolnelektury.pl/media/book/xml/akslop.xml
https://wolnelektury.pl/katalog/lektura/hold-dwa-sonety/	Wiktor Korzeniewski	https://wolnelektury.pl/media/book/txt/hold-dwa-sonety.txt	https://wolnelektury.pl/katalog/zip/mp3/hold-dwa-sonety.zip	https://wolnelektury.pl/media/book/xml/hold-dwa-sonety.xml
https://wolnelektury.pl/katalog/lektura/slowka-zbior-trudno-inaczej/	Wiktor Korzeniewski	https://wolnelektury.pl/media/book/txt/slowka-zbior-trudno-inaczej.txt	https://wolnelektury.pl/katalog/zip/mp3/slowka-zbior-trudno-inaczej.zip	https://wolnelektury.pl/media/book/xml/slowka-zbior-trudno-inaczej.xml
https://wolnelektury.pl/katalog/lektura/slowka-zbior-ach-co-za-przesliczne-abecadlo/	Wiktor Korzeniewski	https://wolnelektury.pl/media/book/txt/slowka-zbior-ach-co-za-przesliczne-abecadlo.txt	https://wolnelektury.pl/katalog/zip/mp3/slowka-zbior-ach-co-za-przesliczne-abecadlo.zip	https://wolnelektury.pl/media/book/xml/slowka-zbior-ach-co-za-przesliczne-abecadlo.xml
https://wolnelektury.pl/katalog/lektura/slowka-zbior-piosenki-zb-co-mowili-w-kosciele-u-kapucynow/	Wiktor Korzeniewski	https://wolnelektury.pl/media/book/txt/slowka-zbior-piosenki-zb-co-mowili-w-kosciele-u-kapucynow.txt	https://wolnelektury.pl/katalog/zip/mp3/slowka-zbior-piosenki-zb-co-mowili-w-kosciele-u-kapucynow.zip	https://wolnelektury.pl/media/book/xml/slowka-zbior-piosenki-zb-co-mowili-w-kosciele-u-kapucynow.xml
https://wolnelektury.pl/katalog/lektura/slowka-zbior-piosenki-zb-dobra-mama/	Wiktor Korzeniewski	https://wolnelektury.pl/media/book/txt/slowka-zbior-piosenki-zb-dobra-mama.txt	https://wolnelektury.pl/katalog/zip/mp3/slowka-zbior-piosenki-zb-dobra-mama.zip	https://wolnelektury.pl/media/book/xml/slowka-zbior-piosenki-zb-dobra-mama.xml
https://wolnelektury.pl/katalog/lektura/slowka-zbior-dziadzio/	Wiktor Korzeniewski	https://wolnelektury.pl/media/book/txt/slowka-zbior-dziadzio.txt	https://wolnelektury.pl/katalog/zip/mp3/slowka-zbior-dziadzio.zip	https://wolnelektury.pl/media/book/xml/slowka-zbior-dziadzio.xml
https://wolnelektury.pl/katalog/lektura/slowka-zbior-piosenki-zb-dzien-p-esika-w-ostendzie/	Wiktor Korzeniewski	https://wolnelektury.pl/media/book/txt/slowka-zbior-piosenki-zb-dzien-p-esika-w-ostendzie.txt	https://wolnelektury.pl/katalog/zip/mp3/slowka-zbior-piosenki-zb-dzien-p-esika-w-ostendzie.zip	https://wolnelektury.pl/media/book/xml/slowka-zbior-piosenki-zb-dzien-p-esika-w-ostendzie.xml
https://wolnelektury.pl/katalog/lektura/slowka-zbior-dziwna-przygoda-rodziny-polanieckich/	Wiktor Korzeniewski	https://wolnelektury.pl/media/book/txt/slowka-zbior-dziwna-przygoda-rodziny-polanieckich.txt	https://wolnelektury.pl/katalog/zip/mp3/slowka-zbior-dziwna-przygoda-rodziny-polanieckich.zip	https://wolnelektury.pl/media/book/xml/slowka-zbior-dziwna-przygoda-rodziny-polanieckich.xml
https://wolnelektury.pl/katalog/lektura/slowka-zbior-ernestynka/	Wiktor Korzeniewski	https://wolnelektury.pl/media/book/txt/slowka-zbior-ernestynka.txt	https://wolnelektury.pl/katalog/zip/mp3/slowka-zbior-ernestynka.zip	https://wolnelektury.pl/media/book/xml/slowka-zbior-ernestynka.xml
https://wolnelektury.pl/katalog/lektura/slowka-zbior-franio/	Wiktor Korzeniewski	https://wolnelektury.pl/media/book/txt/slowka-zbior-franio.txt	https://wolnelektury.pl/katalog/zip/mp3/slowka-zbior-franio.zip	https://wolnelektury.pl/media/book/xml/slowka-zbior-franio.xml
https://wolnelektury.pl/katalog/lektura/slowka-zbior-gdy-sie-czlowiek-robi-starszy/	Wiktor Korzeniewski	https://wolnelektury.pl/media/book/txt/slowka-zbior-gdy-sie-czlowiek-robi-starszy.txt	https://wolnelektury.pl/katalog/zip/mp3/slowka-zbior-gdy-sie-czlowiek-robi-starszy.zip	https://wolnelektury.pl/media/book/xml/slowka-zbior-gdy-sie-czlowiek-robi-starszy.xml
https://wolnelektury.pl/katalog/lektura/slowka-zbior-piosenki-zb-glos-dziadkowy-o-restauracji-kosciola-parafialnego/	Wiktor Korzeniewski	https://wolnelektury.pl/media/book/txt/slowka-zbior-piosenki-zb-glos-dziadkowy-o-restauracji-kosciola-parafialnego.txt	https://wolnelektury.pl/katalog/zip/mp3/slowka-zbior-piosenki-zb-glos-dziadkowy-o-restauracji-kosciola-parafialnego.zip	https://wolnelektury.pl/media/book/xml/slowka-zbior-piosenki-zb-glos-dziadkowy-o-restauracji-kosciola-parafialnego.xml
https://wolnelektury.pl/katalog/lektura/slowka-zbior-piosenki-zb-glos-rozjemczy-w-sprawie-pana-wilhelma-feldmana/	Wiktor Korzeniewski	https://wolnelektury.pl/media/book/txt/slowka-zbior-piosenki-zb-glos-rozjemczy-w-sprawie-pana-wilhelma-feldmana.txt	https://wolnelektury.pl/katalog/zip/mp3/slowka-zbior-piosenki-zb-glos-rozjemczy-w-sprawie-pana-wilhelma-feldmana.zip	https://wolnelektury.pl/media/book/xml/slowka-zbior-piosenki-zb-glos-rozjemczy-w-sprawie-pana-wilhelma-feldmana.xml
https://wolnelektury.pl/katalog/lektura/slowka-zbior-piosenki-zb-historia-prawicy-narodowej/	Wiktor Korzeniewski	https://wolnelektury.pl/media/book/txt/slowka-zbior-piosenki-zb-historia-prawicy-narodowej.txt	https://wolnelektury.pl/katalog/zip/mp3/slowka-zbior-piosenki-zb-historia-prawicy-narodowej.zip	https://wolnelektury.pl/media/book/xml/slowka-zbior-piosenki-zb-historia-prawicy-narodowej.xml
https://wolnelektury.pl/katalog/lektura/slowka-zbior-jak-wyglada-niedziela/	Wiktor Korzeniewski	https://wolnelektury.pl/media/book/txt/slowka-zbior-jak-wyglada-niedziela.txt	https://wolnelektury.pl/katalog/zip/mp3/slowka-zbior-jak-wyglada-niedziela.zip	https://wolnelektury.pl/media/book/xml/slowka-zbior-jak-wyglada-niedziela.xml
https://wolnelektury.pl/katalog/lektura/slowka-zbior-piosenki-zb-joie-de-vivre/	Wiktor Korzeniewski	https://wolnelektury.pl/media/book/txt/slowka-zbior-piosenki-zb-joie-de-vivre.txt	https://wolnelektury.pl/katalog/zip/mp3/slowka-zbior-piosenki-zb-joie-de-vivre.zip	https://wolnelektury.pl/media/book/xml/slowka-zbior-piosenki-zb-joie-de-vivre.xml
https://wolnelektury.pl/katalog/lektura/slowka-zbior-piosenki-zb-kilka-slow-o-piosence/	Wiktor Korzeniewski	https://wolnelektury.pl/media/book/txt/slowka-zbior-piosenki-zb-kilka-slow-o-piosence.txt	https://wolnelektury.pl/katalog/zip/mp3/slowka-zbior-piosenki-zb-kilka-slow-o-piosence.zip	https://wolnelektury.pl/media/book/xml/slowka-zbior-piosenki-zb-kilka-slow-o-piosence.xml
https://wolnelektury.pl/katalog/lektura/slowka-zbior-piosenki-zb-kilka-slow-w-obronie-swietosci-malzenstwa/	Wiktor Korzeniewski	https://wolnelektury.pl/media/book/txt/slowka-zbior-piosenki-zb-kilka-slow-w-obronie-swietosci-malzenstwa.txt	https://wolnelektury.pl/katalog/zip/mp3/slowka-zbior-piosenki-zb-kilka-slow-w-obronie-swietosci-malzenstwa.zip	https://wolnelektury.pl/media/book/xml/slowka-zbior-piosenki-zb-kilka-slow-w-obronie-swietosci-malzenstwa.xml
https://wolnelektury.pl/katalog/lektura/slowka-zbior-krakowski-jubileusz/	Wiktor Korzeniewski	https://wolnelektury.pl/media/book/txt/slowka-zbior-krakowski-jubileusz.txt	https://wolnelektury.pl/katalog/zip/mp3/slowka-zbior-krakowski-jubileusz.zip	https://wolnelektury.pl/media/book/xml/slowka-zbior-krakowski-jubileusz.xml
https://wolnelektury.pl/katalog/lektura/slowka-zbior-piosenki-zb-kuplet-posla-battaglii/	Wiktor Korzeniewski	https://wolnelektury.pl/media/book/txt/slowka-zbior-piosenki-zb-kuplet-posla-battaglii.txt	https://wolnelektury.pl/katalog/zip/mp3/slowka-zbior-piosenki-zb-kuplet-posla-battaglii.zip	https://wolnelektury.pl/media/book/xml/slowka-zbior-piosenki-zb-kuplet-posla-battaglii.xml
https://wolnelektury.pl/katalog/lektura/slowka-zbior-list-otwarty-kobiety-polskiej/	Wiktor Korzeniewski	https://wolnelektury.pl/media/book/txt/slowka-zbior-list-otwarty-kobiety-polskiej.txt	https://wolnelektury.pl/katalog/zip/mp3/slowka-zbior-list-otwarty-kobiety-polskiej.zip	https://wolnelektury.pl/media/book/xml/slowka-zbior-list-otwarty-kobiety-polskiej.xml
https://wolnelektury.pl/katalog/lektura/slowka-zbior-list-prywatny-do-kornela-makuszynskiego/	Wiktor Korzeniewski	https://wolnelektury.pl/media/book/txt/slowka-zbior-list-prywatny-do-kornela-makuszynskiego.txt	https://wolnelektury.pl/katalog/zip/mp3/slowka-zbior-list-prywatny-do-kornela-makuszynskiego.zip	https://wolnelektury.pl/media/book/xml/slowka-zbior-list-prywatny-do-kornela-makuszynskiego.xml
https://wolnelektury.pl/katalog/lektura/slowka-zbior-litania-ku-czci-p-t-matrony-krakowskiej/	Wiktor Korzeniewski	https://wolnelektury.pl/media/book/txt/slowka-zbior-litania-ku-czci-p-t-matrony-krakowskiej.txt	https://wolnelektury.pl/katalog/zip/mp3/slowka-zbior-litania-ku-czci-p-t-matrony-krakowskiej.zip	https://wolnelektury.pl/media/book/xml/slowka-zbior-litania-ku-czci-p-t-matrony-krakowskiej.xml
https://wolnelektury.pl/katalog/lektura/slowka-zbior-piosenki-zb-mistrzowi-styce/	Wiktor Korzeniewski	https://wolnelektury.pl/media/book/txt/slowka-zbior-piosenki-zb-mistrzowi-styce.txt	https://wolnelektury.pl/katalog/zip/mp3/slowka-zbior-piosenki-zb-mistrzowi-styce.zip	https://wolnelektury.pl/media/book/xml/slowka-zbior-piosenki-zb-mistrzowi-styce.xml
https://wolnelektury.pl/katalog/lektura/slowka-zbior-naszym-hymenografomanom/	Wiktor Korzeniewski	https://wolnelektury.pl/media/book/txt/slowka-zbior-naszym-hymenografomanom.txt	https://wolnelektury.pl/katalog/zip/mp3/slowka-zbior-naszym-hymenografomanom.zip	https://wolnelektury.pl/media/book/xml/slowka-zbior-naszym-hymenografomanom.xml
https://wolnelektury.pl/katalog/lektura/slowka-zbior-piosenki-zb-nowa-piesn-o-rydzu/	Wiktor Korzeniewski	https://wolnelektury.pl/media/book/txt/slowka-zbior-piosenki-zb-nowa-piesn-o-rydzu.txt	https://wolnelektury.pl/katalog/zip/mp3/slowka-zbior-piosenki-zb-nowa-piesn-o-rydzu.zip	https://wolnelektury.pl/media/book/xml/slowka-zbior-piosenki-zb-nowa-piesn-o-rydzu.xml
https://wolnelektury.pl/katalog/lektura/slowka-zbior-nowa-wiara/	Wiktor Korzeniewski	https://wolnelektury.pl/media/book/txt/slowka-zbior-nowa-wiara.txt	https://wolnelektury.pl/katalog/zip/mp3/slowka-zbior-nowa-wiara.zip	https://wolnelektury.pl/media/book/xml/slowka-zbior-nowa-wiara.xml
https://wolnelektury.pl/katalog/lektura/slowka-zbior-o-bardzo-niegrzecznej-literaturze-polskiej-i-jej-strapionej-ciotce/	Wiktor Korzeniewski	https://wolnelektury.pl/media/book/txt/slowka-zbior-o-bardzo-niegrzecznej-literaturze-polskiej-i-jej-strapionej-ciotce.txt	https://wolnelektury.pl/katalog/zip/mp3/slowka-zbior-o-bardzo-niegrzecznej-literaturze-polskiej-i-jej-strapionej-ciotce.zip	https://wolnelektury.pl/media/book/xml/slowka-zbior-o-bardzo-niegrzecznej-literaturze-polskiej-i-jej-strapionej-ciotce.xml
https://wolnelektury.pl/katalog/lektura/slowka-zbior-o-tem-co-w-polszcze-dzieyopis-miec-winien/	Wiktor Korzeniewski	https://wolnelektury.pl/media/book/txt/slowka-zbior-o-tem-co-w-polszcze-dzieyopis-miec-winien.txt	https://wolnelektury.pl/katalog/zip/mp3/slowka-zbior-o-tem-co-w-polszcze-dzieyopis-miec-winien.zip	https://wolnelektury.pl/media/book/xml/slowka-zbior-o-tem-co-w-polszcze-dzieyopis-miec-winien.xml
https://wolnelektury.pl/katalog/lektura/slowka-zbior-odsiecz-wiednia/	Wiktor Korzeniewski	https://wolnelektury.pl/media/book/txt/slowka-zbior-odsiecz-wiednia.txt	https://wolnelektury.pl/katalog/zip/mp3/slowka-zbior-odsiecz-wiednia.zip	https://wolnelektury.pl/media/book/xml/slowka-zbior-odsiecz-wiednia.xml
https://wolnelektury.pl/katalog/lektura/slowka-zbior-piosenki-zb-opowiesc-dziadkowa-o-cudach-jasnogorskich/	Wiktor Korzeniewski	https://wolnelektury.pl/media/book/txt/slowka-zbior-piosenki-zb-opowiesc-dziadkowa-o-cudach-jasnogorskich.txt	https://wolnelektury.pl/katalog/zip/mp3/slowka-zbior-piosenki-zb-opowiesc-dziadkowa-o-cudach-jasnogorskich.zip	https://wolnelektury.pl/media/book/xml/slowka-zbior-piosenki-zb-opowiesc-dziadkowa-o-cudach-jasnogorskich.xml
https://wolnelektury.pl/katalog/lektura/slowka-zbior-piosenki-zb-opowiesc-dziadkowa-o-cudach-rapperswylskich/	Wiktor Korzeniewski	https://wolnelektury.pl/media/book/txt/slowka-zbior-piosenki-zb-opowiesc-dziadkowa-o-cudach-rapperswylskich.txt	https://wolnelektury.pl/katalog/zip/mp3/slowka-zbior-piosenki-zb-opowiesc-dziadkowa-o-cudach-rapperswylskich.zip	https://wolnelektury.pl/media/book/xml/slowka-zbior-piosenki-zb-opowiesc-dziadkowa-o-cudach-rapperswylskich.xml
https://wolnelektury.pl/katalog/lektura/slowka-zbior-piosenki-zb-opowiesc-dziadkowa-o-zaginionej-hrabinie/	Wiktor Korzeniewski	https://wolnelektury.pl/media/book/txt/slowka-zbior-piosenki-zb-opowiesc-dziadkowa-o-zaginionej-hrabinie.txt	https://wolnelektury.pl/katalog/zip/mp3/slowka-zbior-piosenki-zb-opowiesc-dziadkowa-o-zaginionej-hrabinie.zip	https://wolnelektury.pl/media/book/xml/slowka-zbior-piosenki-zb-opowiesc-dziadkowa-o-zaginionej-hrabinie.xml
https://wolnelektury.pl/katalog/lektura/slowka-zbior-piosenki-zb-piesn-o-domu-malarskim/	Wiktor Korzeniewski	https://wolnelektury.pl/media/book/txt/slowka-zbior-piosenki-zb-piesn-o-domu-malarskim.txt	https://wolnelektury.pl/katalog/zip/mp3/slowka-zbior-piosenki-zb-piesn-o-domu-malarskim.zip	https://wolnelektury.pl/media/book/xml/slowka-zbior-piosenki-zb-piesn-o-domu-malarskim.xml
https://wolnelektury.pl/katalog/lektura/slowka-zbior-piosenki-zb-piesn-o-lwowskim-rafaelu/	Wiktor Korzeniewski	https://wolnelektury.pl/media/book/txt/slowka-zbior-piosenki-zb-piesn-o-lwowskim-rafaelu.txt	https://wolnelektury.pl/katalog/zip/mp3/slowka-zbior-piosenki-zb-piesn-o-lwowskim-rafaelu.zip	https://wolnelektury.pl/media/book/xml/slowka-zbior-piosenki-zb-piesn-o-lwowskim-rafaelu.xml
https://wolnelektury.pl/katalog/lektura/slowka-zbior-piesn-o-mowie-naszej/	Wiktor Korzeniewski	https://wolnelektury.pl/media/book/txt/slowka-zbior-piesn-o-mowie-naszej.txt	https://wolnelektury.pl/katalog/zip/mp3/slowka-zbior-piesn-o-mowie-naszej.zip	https://wolnelektury.pl/media/book/xml/slowka-zbior-piesn-o-mowie-naszej.xml
https://wolnelektury.pl/katalog/lektura/slowka-zbior-piosenki-zb-piesn-o-naszych-stolicach-i-jak-je-opatrznosc-obdzielila/	Wiktor Korzeniewski	https://wolnelektury.pl/media/book/txt/slowka-zbior-piosenki-zb-piesn-o-naszych-stolicach-i-jak-je-opatrznosc-obdzielila.txt	https://wolnelektury.pl/katalog/zip/mp3/slowka-zbior-piosenki-zb-piesn-o-naszych-stolicach-i-jak-je-opatrznosc-obdzielila.zip	https://wolnelektury.pl/media/book/xml/slowka-zbior-piosenki-zb-piesn-o-naszych-stolicach-i-jak-je-opatrznosc-obdzielila.xml
https://wolnelektury.pl/katalog/lektura/slowka-zbior-piosenki-zb-piesn-o-stu-koronach/	Wiktor Korzeniewski	https://wolnelektury.pl/media/book/txt/slowka-zbior-piosenki-zb-piesn-o-stu-koronach.txt	https://wolnelektury.pl/katalog/zip/mp3/slowka-zbior-piosenki-zb-piesn-o-stu-koronach.zip	https://wolnelektury.pl/media/book/xml/slowka-zbior-piosenki-zb-piesn-o-stu-koronach.xml
https://wolnelektury.pl/katalog/lektura/slowka-zbior-piosenki-zb-piosenka-sentymentalna/	Wiktor Korzeniewski	https://wolnelektury.pl/media/book/txt/slowka-zbior-piosenki-zb-piosenka-sentymentalna.txt	https://wolnelektury.pl/katalog/zip/mp3/slowka-zbior-piosenki-zb-piosenka-sentymentalna.zip	https://wolnelektury.pl/media/book/xml/slowka-zbior-piosenki-zb-piosenka-sentymentalna.xml
https://wolnelektury.pl/katalog/lektura/slowka-zbior-piosenki-zb-piosenka-w-stylu-klasycznym/	Wiktor Korzeniewski	https://wolnelektury.pl/media/book/txt/slowka-zbior-piosenki-zb-piosenka-w-stylu-klasycznym.txt	https://wolnelektury.pl/katalog/zip/mp3/slowka-zbior-piosenki-zb-piosenka-w-stylu-klasycznym.zip	https://wolnelektury.pl/media/book/xml/slowka-zbior-piosenki-zb-piosenka-w-stylu-klasycznym.xml
https://wolnelektury.pl/katalog/lektura/slowka-zbior-piosenki-zb-piosenka-wzruszajaca/	Wiktor Korzeniewski	https://wolnelektury.pl/media/book/txt/slowka-zbior-piosenki-zb-piosenka-wzruszajaca.txt	https://wolnelektury.pl/katalog/zip/mp3/slowka-zbior-piosenki-zb-piosenka-wzruszajaca.zip	https://wolnelektury.pl/media/book/xml/slowka-zbior-piosenki-zb-piosenka-wzruszajaca.xml
https://wolnelektury.pl/katalog/lektura/slowka-zbior-piosenki-zb-pobudka/	Wiktor Korzeniewski	https://wolnelektury.pl/media/book/txt/slowka-zbior-piosenki-zb-pobudka.txt	https://wolnelektury.pl/katalog/zip/mp3/slowka-zbior-piosenki-zb-pobudka.zip	https://wolnelektury.pl/media/book/xml/slowka-zbior-piosenki-zb-pobudka.xml
https://wolnelektury.pl/katalog/lektura/slowka-zbior-piosenki-zb-pochwala-ojcostwa/	Wiktor Korzeniewski	https://wolnelektury.pl/media/book/txt/slowka-zbior-piosenki-zb-pochwala-ojcostwa.txt	https://wolnelektury.pl/katalog/zip/mp3/slowka-zbior-piosenki-zb-pochwala-ojcostwa.zip	https://wolnelektury.pl/media/book/xml/slowka-zbior-piosenki-zb-pochwala-ojcostwa.xml
https://wolnelektury.pl/katalog/lektura/slowka-zbior-pochwala-wieku-dojrzalego/	Wiktor Korzeniewski	https://wolnelektury.pl/media/book/txt/slowka-zbior-pochwala-wieku-dojrzalego.txt	https://wolnelektury.pl/katalog/zip/mp3/slowka-zbior-pochwala-wieku-dojrzalego.zip	https://wolnelektury.pl/media/book/xml/slowka-zbior-pochwala-wieku-dojrzalego.xml
https://wolnelektury.pl/katalog/lektura/slowka-zbior-polaly-sie-lzy-me-czyste-rzesiste/	Wiktor Korzeniewski	https://wolnelektury.pl/media/book/txt/slowka-zbior-polaly-sie-lzy-me-czyste-rzesiste.txt	https://wolnelektury.pl/katalog/zip/mp3/slowka-zbior-polaly-sie-lzy-me-czyste-rzesiste.zip	https://wolnelektury.pl/media/book/xml/slowka-zbior-polaly-sie-lzy-me-czyste-rzesiste.xml
https://wolnelektury.pl/katalog/lektura/slowka-zbior-piosenki-zb-pozegnanie/	Wiktor Korzeniewski	https://wolnelektury.pl/media/book/txt/slowka-zbior-piosenki-zb-pozegnanie.txt	https://wolnelektury.pl/katalog/zip/mp3/slowka-zbior-piosenki-zb-pozegnanie.zip	https://wolnelektury.pl/media/book/xml/slowka-zbior-piosenki-zb-pozegnanie.xml
https://wolnelektury.pl/katalog/lektura/slowka-zbior-piosenki-zb-proroctwo-krolowej-jadwigi/	Wiktor Korzeniewski	https://wolnelektury.pl/media/book/txt/slowka-zbior-piosenki-zb-proroctwo-krolowej-jadwigi.txt	https://wolnelektury.pl/katalog/zip/mp3/slowka-zbior-piosenki-zb-proroctwo-krolowej-jadwigi.zip	https://wolnelektury.pl/media/book/xml/slowka-zbior-piosenki-zb-proroctwo-krolowej-jadwigi.xml
https://wolnelektury.pl/katalog/lektura/slowka-zbior-replika-kobiety-polskiej/	Wiktor Korzeniewski	https://wolnelektury.pl/media/book/txt/slowka-zbior-replika-kobiety-polskiej.txt	https://wolnelektury.pl/katalog/zip/mp3/slowka-zbior-replika-kobiety-polskiej.zip	https://wolnelektury.pl/media/book/xml/slowka-zbior-replika-kobiety-polskiej.xml
https://wolnelektury.pl/katalog/lektura/slowka-zbior-slowka/	Wiktor Korzeniewski	https://wolnelektury.pl/media/book/txt/slowka-zbior-slowka.txt	https://wolnelektury.pl/katalog/zip/mp3/slowka-zbior-slowka.zip	https://wolnelektury.pl/media/book/xml/slowka-zbior-slowka.xml
