bagnistéj	bagnistej
bardziéj	bardziej
biédą	biedą
biédę	biedę
bliżéj	bliżej
bohatéra	bohatera
całéj	całej
ciérpiał	cierpiał
ciszéj	ciszej
cudzéj	cudzej
cztéry	cztery
daléj	dalej
długiéj	długiej
dłużéj	dłużej
dobréj	dobrej
dobrodziéj	dobrodziej
drobnéj	drobnej
drugiéj	drugiej
drzémiący	drzemiący
gęściéj	gęściej
gęstéj	gęstej
głuchéj	głuchej
gorzéj	gorzej
idée	idee
jakiéj	jakiej
jednéj	jednej
jéj	jej
karéta	kareta
każdéj	każdej
każdém	każdym
képi	kepi
kobiéce	kobiece
kobiécie	kobiecie
kobiéta	kobieta
kobiétą	kobietą
książęcéj	książęcej
lubéj	lubej
méj	mej
najdaléj	najdalej
namiętnéj	namiętnej
narzeczonéj	narzeczonej
nié	nie
niéj	niej
niém	niem
niewidzialnéj	niewidzialnej
opowiém	opowiem
pajęczéj	pajęczej
pierwéj	pierwej
podléjszy	podlejszy
powié	powie
prościéj	prościej
raczéj	raczej
rodzinnéj	rodzinnej
samotnéj	samotnej
srébrne	srebrne
stér	ster
stérczą	sterczą
swéj	swej
świécą	świecą
świéce	świece
świécę	świecę
świécy	świecy
szczérze	szczerze
szerzéj	szerzej
takiéj	takiej
téj	tej
tém	tem
twéj	twej
twojéj	twojej
umié	umie
uśmiécha	uśmiecha
uśmiéchał	uśmiechał
widziéć	widzieć
więcéj	więcej
wiélkiej	wielkiej
wiérzchu	wierzchu
wschodniéj	wschodniej
zawiłéj	zawiłej
zéjdzie	zejdzie
ziemskiéj	ziemskiej
żołnierskiéj	żołnierskiej
żołniérz	żołnierz
kreacyi	kreacji
lekcya	lekcja
policyi	policji
protestacyi	protestacji
rewolucyi	rewolucji
stancyi	stancji
itd.	i tak dalej
np.	na przykład
Hispanlola	Hispaniola
drugiemi	drugimi
sie	się
pięknemi	pięknymi
któremi	którymi
drogiemi	drogimi
swemi	swymi
twemi	twymi
eks-ministra	eksministra
eks-gubernator	eksgubernator
eks-gubernatorem	eksgubernatorem
eks-bankiera	eksbankiera
eks-bednarz	eksbednarz
eks-dzierżawca	eksdzierżawca
eks-jakobina	eksjakobina
eks-jeńca	eksjeńca
eks-koteczki	ekskoteczki
eks-kwatermistrz	ekskwatermistrz
eks-lenno	ekslenno
eks-mera	eksmera
eks-poborca	ekspoborca
eks-skarbu	eksskarbu
artyleryji	artylerii
dyskusyji	dyskusji
vis-a-vis	vis-à-vis
tryumf	triumf
tryumfach	triumfach
tryumfalną	triumfalną
tryumfalne	triumfalne
tryumfalnego	triumfalnego
tryumfalnej	triumfalnej
tryumfalnie	triumfalnie
tryumfalny	triumfalny
tryumfalnym	triumfalnym
tryumfator	triumfator
tryumfatorów	triumfatorów
tryumfem	triumfem
tryumfie	triumfie
tryumfom	triumfom
tryumfów	triumfów
tryumfować	triumfować
tryumfował	triumfował
tryumfowała	triumfowała
tryumfowało	triumfowało
tryumfowania	triumfowania
tryumfowi	triumfowi
tryumfu	triumfu
tryumfującą	triumfującą
tryumfujące	triumfujące
tryumfującego	triumfującego
tryumfującej	triumfującej
tryumfująco	triumfująco
tryumfujący	triumfujący
tryumfującym	triumfującym
tryumfuje	triumfuje
tryumfy	triumfy
ztąd	stąd
hmmmm	hm
hmm	hm
heeej	hej
yyy	yy
yyym	yym
yyyy	yy
yyyyy	yy
yyyyyy	yy
youtube’a	youtube'a
fan-ta-stycz-nie	fantastycznie
facebook’u	facebooku
fast-food	fast food
fastfooda	fast fooda
fastfoodami	fast foodami
fastfoodów	fast foodów
fastfoody	fast foody
eliksir-mlodosci	eliksir młodości
duuuuża	duża
100-lecia	stulecia
aaa	aa
aaaa	aa
aaaaaaaaaaaaaaaaaaaaaaaaaaaaaaa	aa
baaaardzo	bardzo
cooo	co
developer	deweloper
developera	dewelopera
developerach	deweloperach
developerami	deweloperami
developerce	deweloperce
developerek	deweloperek
developerem	deweloperem
developerka	deweloperka
developerką	deweloperką
developerkach	deweloperkach
developerkami	deweloperkami
developerkę	deweloperkę
developerki	deweloperki
developerko	deweloperko
developerkom	deweloperkom
developerom	deweloperom
developerów	deweloperów
developerowi	deweloperowi
developerscy	deweloperscy
developerska	deweloperska
developerską	deweloperską
developerskich	deweloperskich
developerskie	deweloperskie
developerskiego	deweloperskiego
developerskiej	deweloperskiej
developerskiemu	deweloperskiemu
developerskim	deweloperskim
developerskimi	deweloperskimi
developersko	dewelopersko
developerskość	deweloperskość
developerskości	deweloperskości
developerskością	deweloperskością
developerskościach	deweloperskościach
developerskościami	deweloperskościami
developerskościom	deweloperskościom
developersku	dewelopersku
developery	dewelopery
developerze	deweloperze
developerzy	deweloperzy
niedeveloperscy	niedeweloperscy
niedeveloperska	niedeweloperska
niedeveloperską	niedeweloperską
niedeveloperski	niedeweloperski
niedeveloperskich	niedeweloperskich
niedeveloperskie	niedeweloperskie
niedeveloperskiego	niedeweloperskiego
niedeveloperskiej	niedeweloperskiej
niedeveloperskiemu	niedeweloperskiemu
niedeveloperskim	niedeweloperskim
niedeveloperskimi	niedeweloperskimi
niedevelopersko	niedewelopersko
hardcorowa	hardcore'owa
hardcorową	hardcore'ową
hardcorowe	hardcore'owe
hardcorowego	hardcore'owego
hardcorowej	hardcore'owej
hardcorowemu	hardcore'owemu
hardcorowi	hardcore'owi
hardcorowo	hardcore'owo
hardcorowy	hardcore'owy
hardcorowych	hardcore'owych
hardcorowym	hardcore'owym
hardcorowymi	hardcore'owymi
niehardcorowa	niehardcore'owa
niehardcorową	niehardcore'ową
niehardcorowe	niehardcore'owe
niehardcorowego	niehardcore'owego
niehardcorowej	niehardcore'owej
niehardcorowemu	niehardcore'owemu
niehardcorowi	niehardcore'owi
niehardcorowo	niehardcore'owo
niehardcorowy	niehardcore'owy
niehardcorowych	niehardcore'owych
niehardcorowym	niehardcore'owym
niehardcorowymi	niehardcore'owymi
kredytowo-lizingowa	kredytowo-leasingowa
kredytowo-lizingową	kredytowo-leasingową
kredytowo-lizingowe	kredytowo-leasingowe
kredytowo-lizingowego	kredytowo-leasingowego
kredytowo-lizingowej	kredytowo-leasingowej
kredytowo-lizingowemu	kredytowo-leasingowemu
kredytowo-lizingowi	kredytowo-leasingowi
kredytowo-lizingowy	kredytowo-leasingowy
kredytowo-lizingowych	kredytowo-leasingowych
kredytowo-lizingowym	kredytowo-leasingowym
kredytowo-lizingowymi	kredytowo-leasingowymi
lizing	leasing
lizingach	leasingach
lizingami	leasingami
lizingi	leasingi
lizingiem	leasingiem
lizingobiorca	leasingobiorca
lizingobiorcą	leasingobiorcą
lizingobiorcach	leasingobiorcach
lizingobiorcami	leasingobiorcami
lizingobiorce	leasingobiorce
lizingobiorcę	leasingobiorcę
lizingobiorco	leasingobiorco
lizingobiorcom	leasingobiorcom
lizingobiorców	leasingobiorców
lizingobiorcy	leasingobiorcy
lizingodawca	leasingodawca
lizingodawcą	leasingodawcą
lizingodawcach	leasingodawcach
lizingodawcami	leasingodawcami
lizingodawce	leasingodawce
lizingodawcę	leasingodawcę
lizingodawco	leasingodawco
lizingodawcom	leasingodawcom
lizingodawców	leasingodawców
lizingodawcy	leasingodawcy
lizingom	leasingom
lizingów	leasingów
lizingować	leasingować
lizingował	leasingował
lizingowała	leasingowała
lizingowałaby	leasingowałaby
lizingowałabym	leasingowałabym
lizingowałabyś	leasingowałabyś
lizingowałam	leasingowałam
lizingowałaś	leasingowałaś
lizingowałby	leasingowałby
lizingowałbym	leasingowałbym
lizingowałbyś	leasingowałbyś
lizingowałem	leasingowałem
lizingowałeś	leasingowałeś
lizingowali	leasingowali
lizingowaliby	leasingowaliby
lizingowalibyście	leasingowalibyście
lizingowalibyśmy	leasingowalibyśmy
lizingowaliście	leasingowaliście
lizingowaliśmy	leasingowaliśmy
lizingowało	leasingowało
lizingowałoby	leasingowałoby
lizingowały	leasingowały
lizingowałyby	leasingowałyby
lizingowałybyście	leasingowałybyście
lizingowałybyśmy	leasingowałybyśmy
lizingowałyście	leasingowałyście
lizingowałyśmy	leasingowałyśmy
lizingowań	leasingowań
lizingowana	leasingowana
lizingowaną	leasingowaną
lizingowane	leasingowane
lizingowanego	leasingowanego
lizingowanej	leasingowanej
lizingowanemu	leasingowanemu
lizingowani	leasingowani
lizingowania	leasingowania
lizingowaniach	leasingowaniach
lizingowaniami	leasingowaniami
lizingowanie	leasingowanie
lizingowaniem	leasingowaniem
lizingowaniom	leasingowaniom
lizingowaniu	leasingowaniu
lizingowano	leasingowano
lizingowany	leasingowany
lizingowanych	leasingowanych
lizingowanym	leasingowanym
lizingowanymi	leasingowanymi
lizingowi	leasingowi
lizingu	leasingu
lizinguj	leasinguj
lizingują	leasingują
lizingując	leasingując
lizingująca	leasingująca
lizingującą	leasingującą
lizingujące	leasingujące
lizingującego	leasingującego
lizingującej	leasingującej
lizingującemu	leasingującemu
lizingujący	leasingujący
lizingujących	leasingujących
lizingującym	leasingującym
lizingującymi	leasingującymi
lizingujcie	leasingujcie
lizingujcież	leasingujcież
lizinguje	leasinguje
lizinguję	leasinguję
lizingujecie	leasingujecie
lizingujemy	leasingujemy
lizingujesz	leasingujesz
lizingujmy	leasingujmy
lizingujmyż	leasingujmyż
lizingujże	leasingujże
nielizingowań	nieleasingowań
nielizingowana	nieleasingowana
nielizingowaną	nieleasingowaną
nielizingowane	nieleasingowane
nielizingowanego	nieleasingowanego
nielizingowanej	nieleasingowanej
nielizingowanemu	nieleasingowanemu
nielizingowani	nieleasingowani
nielizingowania	nieleasingowania
nielizingowaniach	nieleasingowaniach
nielizingowaniami	nieleasingowaniami
nielizingowanie	nieleasingowanie
nielizingowaniem	nieleasingowaniem
nielizingowaniom	nieleasingowaniom
nielizingowaniu	nieleasingowaniu
nielizingowany	nieleasingowany
nielizingowanych	nieleasingowanych
nielizingowanym	nieleasingowanym
nielizingowanymi	nieleasingowanymi
nielizingująca	nieleasingująca
nielizingującą	nieleasingującą
nielizingujące	nieleasingujące
nielizingującego	nieleasingującego
nielizingującej	nieleasingującej
nielizingującemu	nieleasingującemu
nielizingujący	nieleasingujący
nielizingujących	nieleasingujących
nielizingującym	nieleasingującym
nielizingującymi	nieleasingującymi
mejl	mail
mejla	maila
mejlach	mailach
mejlami	mailami
mejle	maile
mejlem	mailem
mejli	maili
mejling	mailing
mejlingach	mailingach
mejlingami	mailingami
mejlingi	mailingi
mejlingiem	mailingiem
mejlingom	mailingom
mejlingów	mailingów
mejlingowa	mailingowa
mejlingową	mailingową
mejlingowe	mailingowe
mejlingowego	mailingowego
mejlingowej	mailingowej
mejlingowemu	mailingowemu
mejlingowi	mailingowi
mejlingowy	mailingowy
mejlingowych	mailingowych
mejlingowym	mailingowym
mejlingowymi	mailingowymi
mejlingu	mailingu
mejlom	mailom
mejlów	mailów
mejlować	mailować
mejlował	mailował
mejlowała	mailowała
mejlowałaby	mailowałaby
mejlowałabym	mailowałabym
mejlowałabyś	mailowałabyś
mejlowałam	mailowałam
mejlowałaś	mailowałaś
mejlowałby	mailowałby
mejlowałbym	mailowałbym
mejlowałbyś	mailowałbyś
mejlowałem	mailowałem
mejlowałeś	mailowałeś
mejlowali	mailowali
mejlowaliby	mailowaliby
mejlowalibyście	mailowalibyście
mejlowalibyśmy	mailowalibyśmy
mejlowaliście	mailowaliście
mejlowaliśmy	mailowaliśmy
mejlowało	mailowało
mejlowałoby	mailowałoby
mejlowały	mailowały
mejlowałyby	mailowałyby
mejlowałybyście	mailowałybyście
mejlowałybyśmy	mailowałybyśmy
mejlowałyście	mailowałyście
mejlowałyśmy	mailowałyśmy
mejlowań	mailowań
mejlowana	mailowana
mejlowaną	mailowaną
mejlowane	mailowane
mejlowanego	mailowanego
mejlowanej	mailowanej
mejlowanemu	mailowanemu
mejlowani	mailowani
mejlowania	mailowania
mejlowaniach	mailowaniach
mejlowaniami	mailowaniami
mejlowanie	mailowanie
mejlowaniem	mailowaniem
mejlowaniom	mailowaniom
mejlowaniu	mailowaniu
mejlowano	mailowano
mejlowany	mailowany
mejlowanych	mailowanych
mejlowanym	mailowanym
mejlowanymi	mailowanymi
mejlowi	mailowi
mejlu	mailu
mejluj	mailuj
mejlują	mailują
mejlując	mailując
mejlująca	mailująca
mejlującą	mailującą
mejlujące	mailujące
mejlującego	mailującego
mejlującej	mailującej
mejlującemu	mailującemu
mejlujący	mailujący
mejlujących	mailujących
mejlującym	mailującym
mejlującymi	mailującymi
mejlujcie	mailujcie
mejlujcież	mailujcież
mejluje	mailuje
mejluję	mailuję
mejlujecie	mailujecie
mejlujemy	mailujemy
mejlujesz	mailujesz
mejlujmy	mailujmy
mejlujmyż	mailujmyż
mejlujże	mailujże
niemejlingowa	niemailingowa
niemejlingową	niemailingową
niemejlingowe	niemailingowe
niemejlingowego	niemailingowego
niemejlingowej	niemailingowej
niemejlingowemu	niemailingowemu
niemejlingowi	niemailingowi
niemejlingowy	niemailingowy
niemejlingowych	niemailingowych
niemejlingowym	niemailingowym
niemejlingowymi	niemailingowymi
niemejlowań	niemailowań
niemejlowana	niemailowana
niemejlowaną	niemailowaną
niemejlowane	niemailowane
niemejlowanego	niemailowanego
niemejlowanej	niemailowanej
niemejlowanemu	niemailowanemu
niemejlowani	niemailowani
niemejlowania	niemailowania
niemejlowaniach	niemailowaniach
niemejlowaniami	niemailowaniami
niemejlowanie	niemailowanie
niemejlowaniem	niemailowaniem
niemejlowaniom	niemailowaniom
niemejlowaniu	niemailowaniu
niemejlowany	niemailowany
niemejlowanych	niemailowanych
niemejlowanym	niemailowanym
niemejlowanymi	niemailowanymi
niemejlująca	niemailująca
niemejlującą	niemailującą
niemejlujące	niemailujące
niemejlującego	niemailującego
niemejlującej	niemailującej
niemejlującemu	niemailującemu
niemejlujący	niemailujący
niemejlujących	niemailujących
niemejlującym	niemailującym
niemejlującymi	niemailującymi
PRL-owscy	peerelowscy
PRL-owska	peerelowska
PRL-owską	peerelowską
PRL-owski	peerelowski
PRL-owskich	peerelowskich
PRL-owskie	peerelowskie
PRL-owskiego	peerelowskiego
PRL-owskiej	peerelowskiej
PRL-owskiemu	peerelowskiemu
PRL-owskim	peerelowskim
PRL-owskimi	peerelowskimi
PRL-owsko	peerelowsko
PRL-owsku	peerelowsku
PSL-owscy	peeselowscy
PSL-owska	peeselowska
PSL-owską	peeselowską
PSL-owski	peeselowski
PSL-owskich	peeselowskich
PSL-owskie	peeselowskie
PSL-owskiego	peeselowskiego
PSL-owskiej	peeselowskiej
PSL-owskiemu	peeselowskiemu
PSL-owskim	peeselowskim
PSL-owskimi	peeselowskimi
PSL-owsko	peeselowsko
PSL-owsku	peeselowsku
