Aaron	Aron
Aarona	Arona
Aaronach	Aronach
Aaronami	Aronami
Aaronem	Aronem
Aaroni	Aroni
Aaronie	Aronie
Aaronom	Aronom
Aaronów	Aronów
aaronowa	aronowa
aaronową	aronową
aaronowe	aronowe
aaronowego	aronowego
aaronowej	aronowej
aaronowemu	aronowemu
aaronowi	aronowi
Aaronowi	Aronowi
Aaronowie	Aronowie
aaronowo	aronowo
aaronowy	aronowy
aaronowych	aronowych
aaronowym	aronowym
aaronowymi	aronowymi
Aarony	Arony
nieaaronowa	niearonowa
nieaaronową	niearonową
nieaaronowe	niearonowe
nieaaronowego	niearonowego
nieaaronowej	niearonowej
nieaaronowemu	niearonowemu
nieaaronowi	niearonowi
nieaaronowy	niearonowy
nieaaronowych	niearonowych
nieaaronowym	niearonowym
nieaaronowymi	niearonowymi
a capella	a kapella
Aachen	Achen
Miguel	migel
Cervantes	serwantes
Saavedra	sawedra
Kichot	kiszot
Manchy	manczy
Quixada	kiksada
Quesada	keksada
Allardyce	alardajs
Allardyce'a	alardajsa
Bill	bil
Billa	bila
Billem	bilem
Billowi	bilowi
Billu	bilu
Billy	bili
Bones	bons
Bonesa	bonsa
d'Espagne	despań
George	dżordż
George'a	dżordża
Georgem	dżordżem
Postscriptum	postskriptum
Redruth	redrut
Redrutha	redruta
Redruthem	redrutem
Huckleberry'ego	haklberego
Huckowi	hakowi
Hucka	haka
Finna	fina
Mary	mejry
Tanner	taner
Rogers	rodżers
Rogersa	rodżersa
Jeffowi	dżefowi
Thatcherowi	taczerowi
Jeff	dżef
Thatcher	taczer
Johnny'emu	dżonemu
Johnny	dżony
Bakerowi	bekerowi
Hollisowi	holisowi
Rogersowi	rodżersowi
vinum	winum
gallicum	galikum
quantum	kwantum
Very'ego	weriego
Nucingena	nusążena
Nucingen	nusążen
Nucingenem	nusążenem
Nucingenie	nusążenie
Prud'homme	prudom
Monnier	monie
Finot	fino
Blondet	blonde
Blondeta	blonde
Couture	kotur
Couture	kotu
Bixiou	bikso
Diderot	didero
Rameau	ramo
potpourri	potpuri
Rastignac	rastiniak
Rastignaca	rastiniaka
Rastignacowi	rastiniakowi
Marsaya	maraja
Bianchonem	bięszonem
Couture'a	kotura
Royer-Collard	rojekolart
Lupeaulx	lupol
Jarnac	żarnak
Jarnaca	żarnaka
Châteigneraie	szatenirej
Richelieu	riszelje
Popelinière	popelinier
Poissonière	posonier
d'Aubrion	debrion
Duberghe'a	diubera
Bordeaux	bordo
Palais-Royal	palarojal
Ouvrard	owrar
du	di
Tillet	tile
Tilleta	tileta
Tilletem	tiletem
Saint-Honoré	sęonore
Necker	neker
Bernard	bernar
Pâris	pari
Lawa	leła
Law	leł
Bouret	bure
Beaujon	bożą
Fuggerowie	fużerowie
Babenhausen	babenhauzen
Coeur	ker
Noirmontier	nuermontier
Beaudenorda	bodenorda
Beaudenord	bodenort
Saint-Germain	sężerman
d'Aiglemont	dażlemon
Fontaine	fontejn
Fontaine'a	fontejna
Blois	blua
Royer-Collarda	rojekolarda
d'Espard	despart
Quai	ke
Malaquais	malake
Stendhal	stendal
Walter	łalter
Scott	skot
Effie	efi
Tuilerii	tuleri
grooma	groma
Paddy	padi
Joby	dżobi
Toby	tobi
Toby'ego	tobiego
Milady	milejdi
Joby'ego	dżobiego
Paddy'ego	padiego
Turcarecie	turkarecie
Sancho	sanczo
Marcel	marsel
Marcela	marsela
Saint-Lazare	sęlazar
d'Aldrigger	daldrigże
pas	pa
Rousseau	russo
Juana	żuana
Restaud	restu
Dies	dez
irae	ire
Desroches	derosz
Taillefera	tejfera
Taillefer	tejfer
Derville'a	derwila
Godeschala	godeszala
Desrochowi	deroszowi
Roguin	rożą
illa	ila
Werbrust	werbrast
Louis	luis
Stevenson	stiwenson
Ballantyne'a	ballantyna
Coopera	kupera
Trelawney	trelani
Trelawney'a	trelaneja
Livesey	liwesej
Liveseya	liweseja
Liveseyu	liweseju
Jim	dżim
Jimie	dżimie
Jima	dżima
Benbow	benboł
Gunna	guna
Gunn	gun
Hawkins	hałkins
Hawkinsie	hałkinsie
Hawkinsa	hałkinsa
Caracas	karakas
Joyce'a	dżojsa
Huntera	hantera
Mundsleya	mantsleja
Westminster	łestminster
Westmünster	łestminster
Hull	hal
bourgeois	burżła
Jonatana	dżonatana
Charles	szarl
Charles'a	szarla
Charles'ach	szarlach
Charles'ami	szarlami
Charles'e	szarle
Charles'em	szarlem
Charles'om	szarlom
Charles'owi	szarlowi
Charles'owie	szarlowie
Charles'ów	szarlów
Charles'u	szarlu
Charles	czarls
Charlesach	czarlsach
Charlesami	czarlsami
Charlesom	czarlsom
Charlesa	czarlsa
Charlesem	czarlsem
Charlesie	czarlsie
Charlesowi	czarlsowi
Charlesów	czarlsów
Charlesowie	czarlsowie
Charlesy	czarlsy
charleston	czarlston
charlestonach	czarlstonach
charlestonami	czarlstonami
charlestonom	czarlstonom
charlestona	czarlstona
charlestonem	czarlstonem
charlestonie	czarlstonie
charlestonowi	czarlstonowi
charlestonów	czarlstonów
charlestony	czarlstony
Charlestonem	czarlstonem
Charlestonie	czarlstonie
Charlestonowi	czarlstonowi
Charlestonu	czarlstonu
vel	fel
Buckle'a	bakla
Buckle'ów	baklów
Giovannich	dziowanich
Giovanniego	dziowaniego
Giovanniemu	dziowaniemu
Giovannim	dziowanim
Giovannimi	dziowanimi
Giovanni	dziowani
Giovannich	dżjowanich
Giovanniego	dżjowaniego
Giovanniemu	dżjowaniemu
Giovannim	dżjowanim
Giovannimi	dżjowanimi
Giovanni	dżjowani
Boccaccio	bokaczjo
Boccacciach	bokaczjach
Boccacciami	bokaczjami
Boccacciom	bokaczjom
Boccaccia	bokaczja
Boccacciem	bokaczjem
Boccacciowi	bokaczjowi
Boccacciu	bokaczju
Boccacciów	bokaczjów
Boccacciowie	bokaczjowie
Boccaccie	bokaczje
Crusoe	kruzo
Buenos	błenos
Aires	ajres
Acciona	aksjona
Accionę	aksjonę
Accionie	aksjonie
Accioną	aksjoną
Acciony	aksjony
Adobe	edołbi
aids	ejts
Angeles	andżeles
Alexander	aleksander
Alvaro	alwaro
amicach	amikach
amicami	amikami
amicom	amikom
amic	amik
amicą	amiką
amicę	amikę
amico	amiko
amiki	amiki
avio	awio
avie	awie
aviach	awiach
aviami	awiami
aviom	awiom
avią	awią
avię	awię
avii	awii
avio	awio
axel	aksel
Beckiem	bekiem
Beckach	bekach
Beckami	bekami
Beckom	bekom
Becka	beka
Beckiem	bekiem
Beckowi	bekowi
Becku	beku
Becków	beków
Beckowie	bekowie
Becki	beki
Belize	beliz
Benjamin	bendżamin
Benjaminach	bendżaminach
Benjaminami	bendżaminami
Benjaminom	bendżaminom
Benjamina	bendżamina
Benjaminem	bendżaminem
Benjaminie	bendżaminie
Benjaminowi	bendżaminowi
Benjaminów	bendżaminów
Benjaminowie	bendżaminowie
Benjaminy	bendżaminy
Benjamin	beniamin
Benjaminach	beniaminach
Benjaminami	beniaminami
Benjaminom	beniaminom
Benjamina	beniamina
Benjaminem	beniaminem
Benjaminie	beniaminie
Benjaminowi	beniaminowi
Benjaminów	beniaminów
Benjaminowie	beniaminowie
Benjaminy	beniaminy
canon	kanon
canonach	kanonach
canonami	kanonami
canonom	kanonom
canona	kanona
canonem	kanonem
canonie	kanonie
canonowi	kanonowi
canonów	kanonów
canony	kanony
Capri	kapri
chip	czip
Chopina	szopena
Chopin	szopen
Chopinach	szopenach
Chopinami	szopenami
Chopinom	szopenom
Chopinem	szopenem
Chopinie	szopenie
Chopinowi	szopenowi
Chopinów	szopenów
Chopinowie	szopenowie
Chopiny	szopeny
chopinowskich	szopenowskich
chopinowskiego	szopenowskiego
chopinowskiemu	szopenowskiemu
chopinowskim	szopenowskim
chopinowskimi	szopenowskimi
niechopinowskich	nieszopenowskich
niechopinowskiego	nieszopenowskiego
niechopinowskiemu	nieszopenowskiemu
niechopinowskim	nieszopenowskim
niechopinowskimi	nieszopenowskimi
chopinowscy	szopenowscy
niechopinowscy	nieszopenowscy
niechopinowski	nieszopenowski
chopinowsku	szopenowsku
chopinowska	szopenowska
chopinowską	szopenowską
chopinowskie	szopenowskie
chopinowskiej	szopenowskiej
niechopinowska	nieszopenowska
niechopinowską	nieszopenowską
niechopinowskie	nieszopenowskie
niechopinowskiej	nieszopenowskiej
chopinowsko	szopenowsko
niechopinowsko	nieszopenowsko
chips	czips
chipsach	czipsacz
chipsami	czipsami
chipsom	czipsom
chipsa	czipsa
chipsem	czipsem
chipsie	czipsie
chipsowi	czipsowi
chipsów	czipsów
chipsy	czipsy
chrysler	krajsler
chryslerach	krajslerach
chryslerami	krajslerami
chryslerom	krajslerom
chryslera	krajslera
chryslerem	krajslerem
chryslerowi	krajslerowi
chryslerze	krajslerze
chryslerów	krajslerów
chryslery	krajslery
chrysler	krajzler
chryslerach	krajzlerach
chryslerami	krajzlerami
chryslerom	krajzlerom
chryslera	krajzlera
chryslerem	krajzlerem
chryslerowi	krajzlerowi
chryslerze	krajzlerze
chryslerów	krajzlerów
chryslery	krajzlery
daewoo	dełu
Auschwitz-Birkenau	ałszwic-birkenał
Auschwitz	ałszwic
Birkenau	birkenał
Erie	iri
expo	ekspo
expres	ekspres
expres	ekspre
dealerski	dilerski
dealerskich	dilerskich
dealerskiego	dilerskiego
dealerskiemu	dilerskiemu
dealerskim	dilerskim
dealerskimi	dilerskimi
niedealerskich	niedilerskich
niedealerskiego	niedilerskiego
niedealerskiemu	niedilerskiemu
niedealerskim	niedilerskim
niedealerskimi	niedilerskimi
dealerscy	dilerscy
niedealerscy	niedilerscy
niedealerski	niedilerski
dealersku	dilersku
dealerska	dilerska
dealerską	dilerską
dealerskie	dilerskie
dealerskiej	dilerskiej
niedealerska	niedilerska
niedealerską	niedilerską
niedealerskie	niedilerskie
niedealerskiej	niedilerskiej
dealersko	dilersko
niedealersko	niedilersko
Joanną	dżoanną
Joannę	dżoannę
Joannie	dżoannie
Joanno	dżoanno
Joanny	dżoanny
Joanna	dżoanna
Joannach	dżoannach
Joannami	dżoannami
Joannom	dżoannom
Joann	dżoann
Librivox	libriwoks
Librivox.org	libriwoks-kropka-org
Librivox.org	libriwoks-dot-org
www	wu-wu-wu
fair	fer
Farrell	farel
Farrellach	farelach
Farrellami	farelami
Farrellom	farelom
Farrella	farela
Farrellem	farelem
Farrellowi	farelowi
Farrellu	farelu
Farrellów	farelów
Farrellowie	farelowie
Farrelle	farele
fixing	fiks-ing
Oxford	oksford
fitness	fitnes
Holoubek	holołbek
Holoubka	holołbka
Holoubkiem	holołbkiem
Holoubkowi	holołbkowi
Holoubku	holołbku
Holoubków	holołbków
Holoubkach	holołbkach
Holoubkami	holołbkami
Holoubkom	holołbkom
Holoubkowie	holołbkowie
Holoubki	holołbki
Holoubek	holubek
Holoubka	holubka
Holoubkiem	holubkiem
Holoubkowi	holubkowi
Holoubku	holubku
Holoubków	holubków
Holoubkach	holubkach
Holoubkami	holubkami
Holoubkom	holubkom
Holoubkowie	holubkowie
Holoubki	holubki
Google	gugl
Google	gugle
Rice	rajs
Rice'a	rajsa
Rice'ach	rajsach
Rice'ami	rajsami
Rice'em	rajsem
Rice'om	rajsom
Rice'owi	rajsowi
Rice'owie	rajsowie
Rice'ów	rajsów
Risie	rajsie
Reagan	regan
Reaganach	reganach
Reaganami	reganami
Reaganom	reganom
Reagana	regana
Reaganem	reganem
Reaganie	reganie
Reaganowi	reganowi
Reaganów	reganów
Reaganowie	reganowie
Reagany	regany
May	maj
Mayach	majach
Mayami	majami
Mayom	majom
Maya	maja
Mayem	majem
Mayowi	majowi
Mayu	maju
Mayów	majów
Mayowie	majowie
Maye	maje
May	mej
Mayach	mejach
Mayami	mejami
Mayom	mejom
Maya	meja
Mayem	mejem
Mayowi	mejowi
Mayu	meju
Mayów	mejów
Mayowie	mejowie
Maye	meje
O'Neal	o-nil
O'Nealach	o-nilach
O'Nealami	o-nilami
O'Nealom	o-nilom
O'Neala	o-nila
O'Nealem	o-nilem
O'Nealowi	o-nilowi
O'Nealu	o-nilu
O'Nealów	o-nilów
O'Nealowie	o-nilowie
O'Neale	o-nile
O'Reilly	o-rajli
O'Reilly'ego	o-rajliego
O'Reilly'emu	o-rajliemu
O'Reilly'owie	o-rajliowie
O'Reillych	o-rajlich
O'Reillym	o-rajlim
O'Reillymi	o-rajlimi
Reilly	rajli
Reilly'ego	rajliego
Reilly'emu	rajliemu
Reilly'owie	rajliowie
Reillych	rajlich
Reillym	rajlim
Reillymi	rajlimi
O'Shea	o-szej
O'Shea	o-sze
Oxfordem	oksfordem
Oxfordowi	oksfordowi
Oxfordu	oksfordu
Oxfordzie	oksfordzie
oxfordach	oksfordach
oxfordami	oksfordami
oxfordom	oksfordom
oxfordów	oksfordów
oxfordy	oksfordy
Vandenesse	wandenes
baedekerach	bedekerach
baedekerami	bedekerami
baedekerom	bedekerom
baedeker	bedeker
baedekera	bedekera
baedekerem	bedekerem
baedekerowi	bedekerowi
baedekerze	bedekerze
baedekerów	bedekerów
baedekery	bedekery
Baedeker	bedeker
Baedekerach	bedekerach
Baedekerami	bedekerami
Baedekerom	bedekerom
Baedekerów	bedekerów
Baedekera	bedekera
Baedekerem	bedekerem
Baedekerowi	bedekerowi
Baedekerze	bedekerze
Baedekerowie	bedekerowie
Baedekery	bedekery
bass	bejs
vis-à-vis	wizawi
dreaming	drimink
water-sky	łoterskaj
may	mej
correct	karekt
Gioconda	dżekonda
Gioconda	dżjokonda
cacao-choix	kakałszuła
cerceau	serso
curaçao	kuraso
curaçao	kjurasao
Clicôt	kliko
moderne	modern
Stern	sztern
déshabillé	deszabile
déshabillé	dezabile
Co	ko
Pathé	pafe
cafe	kafe
Verdi	werdi
Strauss	sztraus
Bizet	bize
pince-nez	pinsne
chambre	szambr
décolletage	dekoletaż
Oh	o
bruits	bru
pluits	płi
Verlaine	werlen
klown	klaun
Capricioso	kapriczozo
goethowski	getowski
goethowskich	getowskich
goethowskiego	getowskiego
goethowskiemu	getowskiemu
goethowskim	getowskim
goethowskimi	getowskimi
niegoethowskich	niegetowskich
niegoethowskiego	niegetowskiego
niegoethowskiemu	niegetowskiemu
niegoethowskim	niegetowskim
niegoethowskimi	niegetowskimi
goethowscy	getowscy
niegoethowscy	niegetowscy
niegoethowski	niegetowski
goethowsku	getowsku
goethowska	getowska
goethowską	getowską
goethowskie	getowskie
goethowskiej	getowskiej
niegoethowska	niegetowska
niegoethowską	niegetowską
niegoethowskie	niegetowskie
niegoethowskiej	niegetowskiej
goethowsko	getowsko
niegoethowsko	niegetowsko
pour	per
l'expression	lekspresją
Köpenickiej	kopenickiej
Turmhauser	Turmhauzer
Turmhausera	Turmhauzera
Thurm	Turm
Voswinkel	woswinkel
Goethego	getego
Jean-Paula	żępaula
Fouqué'go	fokego
Tiecka	tijeka
Meyrink	mejrink
Honoré	onore
Balzac	balzak
Pierrot	piero
Funambules	funambul
des	de
garson	garsą
Strasburga	strazburga
Waterloo	waterlo
Waterloo	łaterlu
Jacob	jakop
Grimm	grim
avant	awan
victis	wiktis
Traugutt	traugut
vae	we
KE	ka-e
histericus	histerikus
jamais	żame
parfois	parfła
rides	rit
sic	s-ik
Dance	dans-i
key	kej
Hurree	hure
Spencera	spensera
Kimball	kimbal
Creighton	krejton
Lispeth	lispet
Shamlegh	shamleg
Teshoo	tesho
sui	słi
Ditties	dities
qui	kwi
quo	kwo
Cervantesa	serwantesa
Umballi	umbali
Lucknow	luknoł
Game	gejm
Pearls	perls
discoveries	diskoweris
Rudyard	rudjard
Ajaib-Gher	adża-ip-ger
Dinanatha	dinanata
Mavericków	mawerików
varietur	warietur
Kimballa	kimbala
Jadoo-Gher	jadoger
Sind	s-int
Deli	deli
Sawyer	sojer
Buffalo	bufalo
Polly	poli
Missouri	mizuri
Huck	hak
Finn	fin
Sawyera	sojera
Twain	tłejn
Sid	s-id
Sida	s-ida
Jimowi	dżimowi
Douglas	daglas
Willie	łili
Mufferson	maferson
Ward	łard
Riverson	riwerson
Sprague	spradż
intermezzo	intermecco
Vincent	winsę
Tartufe	tartif
Bejart	beżart
Boileau	błalo
Fontaine	fontejn
Racine	ras-in
Corneille'a	kornela
Modene	moden
Juan	żuan
Valliere	walier
Navailles	nawajl
Joly	żoli
Monseigneur	monsenier
Perefix	perefiks
Tartufa	tartifa
Juanie	żuanie
Lamoignon	lamłanion
Bourdaloue	burdelu
Bossuet	bosłe
Pascala	paskala
Pascal	paskal
Pascalem	paskalem
Royal	rojal
Royalu	rojalu
Kreutzner	krojcner
Kreutznerem	krojcnerem
Kainach	Kajnach
Kaina	Kajna
Kainami	Kajnami
Kainem	Kajnem
Kainie	Kajnie
Kain	Kajn
Kainom	Kajnom
Kainowie	Kajnowie
Kainowi	Kajnowi
Kainów	Kajnów
Andreę	Andrę
Bartolomeę	Bartolomę
choreę	chorę
Erytreę	Erytrę
gwineę	gwinę
gwineę	gwinę
ideę	idę
kameę	kamę
Andree	Andre
Bartolomee	Bartolome
choree	chore
Erytree	Erytre
gwinee	gwine
gwinee	gwine
idee	ide
kamee	kame
Liveseyem	liwesejem
Liveseyowi	liwesejowi
Black	blak
Hill	hil
John	dżon
Johna	dżona
Johnem	dżonem
Johnie	dżonie
Johnowi	dżonowi
Crossley	krosli
Jimem	dżimem
Crossleyowej	kroslejowej
Dance'a	danseja
Kitt	kit
Kitta	kita
Dogger	dodżer
Doggera	dodżera
Pew	piu
Taylorem	tajlorem
Savannah	sawana
Harry	hari
Hawke	hałk
Harry'emu	haremu
Corso	korso
Castle	kastl
England	inglant
Smollet	smolet
Smolleta	smoleta
Smolletowi	smoletowi
Kidda	kida
Davis	dejwis
Dicku	diku
Dick	dik
Arrow	aroł
Arrowa	aroła
Hunter	hanter
Joyce	dżojs
Bow	boł
Street	strit
Bailey	bajlej
Bailey	bejli
Blandly'ego	blandliego
Blandly	blendli
Blandly	blandli
Silver	s-ilwer
Silvera	s-ilwera
Silverem	s-ilwerem
Silverze	s-ilwerze
Providence	prowidens
Job	dżob
Hands	hants
Hands	hents
Handsowi	hentsowi
Handsowi	hantsowi
Handsa	hentsa
Handsa	hantsa
Credo	kredo
toast	tost
toasty	tosty
Jobowi	dżobowi
Silverowi	s-ilwerowi
Gunnowi	gunowi
Gunn	gun
Gray	grej
Graya	greja
Grayu	greju
Cumberland	kamberland
Fontenoy	fontenoj
Hunterem	hanterem
Joba	dżoba
Jobem	dżobem
Hawkinsowi	hałkinsowi
David	dejwid
Roger	rodżer
Cove	kow
O'Brien	obrajen
O'Brien	obrajan
O'Briena	obrajana
O'Briena	obrajena
Gunnem	gunem
Darby	darbi
Darbym	darbim
M'Graw	mgrał
Johnsonie	dżonsonie
Gunnie	gunie
Hawkinsem	hałkinsem
Merry	mery
Merry'ego	merego
Commibles	kommibles
youtube'a	jutuba
youtube'a	jutiuba
youtube	jutub
youtube	jutiub
facebook	fejsbuk
facebooka	fejsbuka
facebooki	fejsbuki
facebookiem	fejsbukiem
facebooku	fejsbuku
food	fud
foodu	fudu
foodowi	fudowi
foodem	fudem
foody	fudy
foodzie	fudzie
foodów	fudów
foodom	fudom
foodami	fudami
foodach	fudach
alzheimer	alc-hajmer
alzheimera	alc-hajmera
alzheimerowi	alc-hajmerowi
alzheimerem	alc-hajmerem
alzheimerze	alc-hajmerze
Jordan	dżordan
Jordanach	dżordanach
Jordanami	dżordanami
Jordanom	dżordanom
Jordana	dżordana
Jordanem	dżordanem
Jordanie	dżordanie
Jordanowi	dżordanowi
Jordanów	dżordanów
Jordanowie	dżordanowie
Jordany	dżordany
keyboard	kibord
keyboarda	kiborda
keyboardach	kibordach
keyboardami	kibordami
keyboardem	kibordem
keyboardom	kibordom
keyboardów	kibordów
keyboardowi	kibordowi
keyboardu	kibordu
keyboardy	kibordy
keyboardzie	kibordzie
hardcore'owa	hardkorowa
hardcore'ową	hardkorową
hardcore'owe	hardkorowe
hardcore'owego	hardkorowego
hardcore'owej	hardkorowej
hardcore'owemu	hardkorowemu
hardcore'owi	hardkorowi
hardcore'owo	hardkorowo
hardcore'owy	hardkorowy
hardcore'owych	hardkorowych
hardcore'owym	hardkorowym
hardcore'owymi	hardkorowymi
niehardcore'owa	niehardkorowa
niehardcore'ową	niehardkorową
niehardcore'owe	niehardkorowe
niehardcore'owego	niehardkorowego
niehardcore'owej	niehardkorowej
niehardcore'owemu	niehardkorowemu
niehardcore'owi	niehardkorowi
niehardcore'owo	niehardkorowo
niehardcore'owy	niehardkorowy
niehardcore'owych	niehardkorowych
niehardcore'owym	niehardkorowym
niehardcore'owymi	niehardkorowymi
explorer	eksplorer
explorera	eksplorera
explorerach	eksplorerach
explorerami	eksplorerami
explorerem	eksplorerem
explorerom	eksplorerom
explorerów	eksplorerów
explorerowi	eksplorerowi
explorery	eksplorery
explorerze	eksplorerze
lead	lid
leadach	lidach
leadami	lidami
leadem	lidem
leadom	lidom
leadów	lidów
leadowi	lidowi
leadu	lidu
leady	lidy
leadzie	lidzie
kredytowo-leasingowa	kredytowo-liz-ingowa
kredytowo-leasingową	kredytowo-liz-ingową
kredytowo-leasingowe	kredytowo-liz-ingowe
kredytowo-leasingowego	kredytowo-liz-ingowego
kredytowo-leasingowej	kredytowo-liz-ingowej
kredytowo-leasingowemu	kredytowo-liz-ingowemu
kredytowo-leasingowi	kredytowo-liz-ingowi
kredytowo-leasingowy	kredytowo-liz-ingowy
kredytowo-leasingowych	kredytowo-liz-ingowych
kredytowo-leasingowym	kredytowo-liz-ingowym
kredytowo-leasingowymi	kredytowo-liz-ingowymi
leasing	liz-ing
leasingach	liz-ingach
leasingami	liz-ingami
leasingi	liz-ingi
leasingiem	liz-ingiem
leasingobiorca	liz-ingobiorca
leasingobiorcą	liz-ingobiorcą
leasingobiorcach	liz-ingobiorcach
leasingobiorcami	liz-ingobiorcami
leasingobiorce	liz-ingobiorce
leasingobiorcę	liz-ingobiorcę
leasingobiorco	liz-ingobiorco
leasingobiorcom	liz-ingobiorcom
leasingobiorców	liz-ingobiorców
leasingobiorcy	liz-ingobiorcy
leasingodawca	liz-ingodawca
leasingodawcą	liz-ingodawcą
leasingodawcach	liz-ingodawcach
leasingodawcami	liz-ingodawcami
leasingodawce	liz-ingodawce
leasingodawcę	liz-ingodawcę
leasingodawco	liz-ingodawco
leasingodawcom	liz-ingodawcom
leasingodawców	liz-ingodawców
leasingodawcy	liz-ingodawcy
leasingom	liz-ingom
leasingów	liz-ingów
leasingować	liz-ingować
leasingował	liz-ingował
leasingowała	liz-ingowała
leasingowałaby	liz-ingowałaby
leasingowałabym	liz-ingowałabym
leasingowałabyś	liz-ingowałabyś
leasingowałam	liz-ingowałam
leasingowałaś	liz-ingowałaś
leasingowałby	liz-ingowałby
leasingowałbym	liz-ingowałbym
leasingowałbyś	liz-ingowałbyś
leasingowałem	liz-ingowałem
leasingowałeś	liz-ingowałeś
leasingowali	liz-ingowali
leasingowaliby	liz-ingowaliby
leasingowalibyście	liz-ingowalibyście
leasingowalibyśmy	liz-ingowalibyśmy
leasingowaliście	liz-ingowaliście
leasingowaliśmy	liz-ingowaliśmy
leasingowało	liz-ingowało
leasingowałoby	liz-ingowałoby
leasingowały	liz-ingowały
leasingowałyby	liz-ingowałyby
leasingowałybyście	liz-ingowałybyście
leasingowałybyśmy	liz-ingowałybyśmy
leasingowałyście	liz-ingowałyście
leasingowałyśmy	liz-ingowałyśmy
leasingowań	liz-ingowań
leasingowana	liz-ingowana
leasingowaną	liz-ingowaną
leasingowane	liz-ingowane
leasingowanego	liz-ingowanego
leasingowanej	liz-ingowanej
leasingowanemu	liz-ingowanemu
leasingowani	liz-ingowani
leasingowania	liz-ingowania
leasingowaniach	liz-ingowaniach
leasingowaniami	liz-ingowaniami
leasingowanie	liz-ingowanie
leasingowaniem	liz-ingowaniem
leasingowaniom	liz-ingowaniom
leasingowaniu	liz-ingowaniu
leasingowano	liz-ingowano
leasingowany	liz-ingowany
leasingowanych	liz-ingowanych
leasingowanym	liz-ingowanym
leasingowanymi	liz-ingowanymi
leasingowi	liz-ingowi
leasingu	liz-ingu
leasinguj	liz-inguj
leasingują	liz-ingują
leasingując	liz-ingując
leasingująca	liz-ingująca
leasingującą	liz-ingującą
leasingujące	liz-ingujące
leasingującego	liz-ingującego
leasingującej	liz-ingującej
leasingującemu	liz-ingującemu
leasingujący	liz-ingujący
leasingujących	liz-ingujących
leasingującym	liz-ingującym
leasingującymi	liz-ingującymi
leasingujcie	liz-ingujcie
leasingujcież	liz-ingujcież
leasinguje	liz-inguje
leasinguję	liz-inguję
leasingujecie	liz-ingujecie
leasingujemy	liz-ingujemy
leasingujesz	liz-ingujesz
leasingujmy	liz-ingujmy
leasingujmyż	liz-ingujmyż
leasingujże	liz-ingujże
nieleasingowań	nieliz-ingowań
nieleasingowana	nieliz-ingowana
nieleasingowaną	nieliz-ingowaną
nieleasingowane	nieliz-ingowane
nieleasingowanego	nieliz-ingowanego
nieleasingowanej	nieliz-ingowanej
nieleasingowanemu	nieliz-ingowanemu
nieleasingowani	nieliz-ingowani
nieleasingowania	nieliz-ingowania
nieleasingowaniach	nieliz-ingowaniach
nieleasingowaniami	nieliz-ingowaniami
nieleasingowanie	nieliz-ingowanie
nieleasingowaniem	nieliz-ingowaniem
nieleasingowaniom	nieliz-ingowaniom
nieleasingowaniu	nieliz-ingowaniu
nieleasingowany	nieliz-ingowany
nieleasingowanych	nieliz-ingowanych
nieleasingowanym	nieliz-ingowanym
nieleasingowanymi	nieliz-ingowanymi
nieleasingująca	nieliz-ingująca
nieleasingującą	nieliz-ingującą
nieleasingujące	nieliz-ingujące
nieleasingującego	nieliz-ingującego
nieleasingującej	nieliz-ingującej
nieleasingującemu	nieliz-ingującemu
nieleasingujący	nieliz-ingujący
nieleasingujących	nieliz-ingujących
nieleasingującym	nieliz-ingującym
nieleasingującymi	nieliz-ingującymi
mail	mejl
maila	mejla
mailach	mejlach
mailami	mejlami
maile	mejle
mailem	mejlem
maili	mejli
mailing	mejling
mailingach	mejlingach
mailingami	mejlingami
mailingi	mejlingi
mailingiem	mejlingiem
mailingom	mejlingom
mailingów	mejlingów
mailingowa	mejlingowa
mailingową	mejlingową
mailingowe	mejlingowe
mailingowego	mejlingowego
mailingowej	mejlingowej
mailingowemu	mejlingowemu
mailingowi	mejlingowi
mailingowy	mejlingowy
mailingowych	mejlingowych
mailingowym	mejlingowym
mailingowymi	mejlingowymi
mailingu	mejlingu
mailom	mejlom
mailów	mejlów
mailować	mejlować
mailował	mejlował
mailowała	mejlowała
mailowałaby	mejlowałaby
mailowałabym	mejlowałabym
mailowałabyś	mejlowałabyś
mailowałam	mejlowałam
mailowałaś	mejlowałaś
mailowałby	mejlowałby
mailowałbym	mejlowałbym
mailowałbyś	mejlowałbyś
mailowałem	mejlowałem
mailowałeś	mejlowałeś
mailowali	mejlowali
mailowaliby	mejlowaliby
mailowalibyście	mejlowalibyście
mailowalibyśmy	mejlowalibyśmy
mailowaliście	mejlowaliście
mailowaliśmy	mejlowaliśmy
mailowało	mejlowało
mailowałoby	mejlowałoby
mailowały	mejlowały
mailowałyby	mejlowałyby
mailowałybyście	mejlowałybyście
mailowałybyśmy	mejlowałybyśmy
mailowałyście	mejlowałyście
mailowałyśmy	mejlowałyśmy
mailowań	mejlowań
mailowana	mejlowana
mailowaną	mejlowaną
mailowane	mejlowane
mailowanego	mejlowanego
mailowanej	mejlowanej
mailowanemu	mejlowanemu
mailowani	mejlowani
mailowania	mejlowania
mailowaniach	mejlowaniach
mailowaniami	mejlowaniami
mailowanie	mejlowanie
mailowaniem	mejlowaniem
mailowaniom	mejlowaniom
mailowaniu	mejlowaniu
mailowano	mejlowano
mailowany	mejlowany
mailowanych	mejlowanych
mailowanym	mejlowanym
mailowanymi	mejlowanymi
mailowi	mejlowi
mailu	mejlu
mailuj	mejluj
mailują	mejlują
mailując	mejlując
mailująca	mejlująca
mailującą	mejlującą
mailujące	mejlujące
mailującego	mejlującego
mailującej	mejlującej
mailującemu	mejlującemu
mailujący	mejlujący
mailujących	mejlujących
mailującym	mejlującym
mailującymi	mejlującymi
mailujcie	mejlujcie
mailujcież	mejlujcież
mailuje	mejluje
mailuję	mejluję
mailujecie	mejlujecie
mailujemy	mejlujemy
mailujesz	mejlujesz
mailujmy	mejlujmy
mailujmyż	mejlujmyż
mailujże	mejlujże
niemailingowa	niemejlingowa
niemailingową	niemejlingową
niemailingowe	niemejlingowe
niemailingowego	niemejlingowego
niemailingowej	niemejlingowej
niemailingowemu	niemejlingowemu
niemailingowi	niemejlingowi
niemailingowy	niemejlingowy
niemailingowych	niemejlingowych
niemailingowym	niemejlingowym
niemailingowymi	niemejlingowymi
niemailowań	niemejlowań
niemailowana	niemejlowana
niemailowaną	niemejlowaną
niemailowane	niemejlowane
niemailowanego	niemejlowanego
niemailowanej	niemejlowanej
niemailowanemu	niemejlowanemu
niemailowani	niemejlowani
niemailowania	niemejlowania
niemailowaniach	niemejlowaniach
niemailowaniami	niemejlowaniami
niemailowanie	niemejlowanie
niemailowaniem	niemejlowaniem
niemailowaniom	niemejlowaniom
niemailowaniu	niemejlowaniu
niemailowany	niemejlowany
niemailowanych	niemejlowanych
niemailowanym	niemejlowanym
niemailowanymi	niemejlowanymi
niemailująca	niemejlująca
niemailującą	niemejlującą
niemailujące	niemejlujące
niemailującego	niemejlującego
niemailującej	niemejlującej
niemailującemu	niemejlującemu
niemailujący	niemejlujący
niemailujących	niemejlujących
niemailującym	niemejlującym
niemailującymi	niemejlującymi
mainstream	mejnstrim
mainstreamach	mejnstrimach
mainstreamami	mejnstrimami
mainstreamem	mejnstrimem
mainstreamie	mejnstrimie
mainstreamom	mejnstrimom
mainstreamów	mejnstrimów
mainstreamowa	mejnstrimowa
mainstreamową	mejnstrimową
mainstreamowe	mejnstrimowe
mainstreamowego	mejnstrimowego
mainstreamowej	mejnstrimowej
mainstreamowemu	mejnstrimowemu
mainstreamowi	mejnstrimowi
mainstreamowo	mejnstrimowo
mainstreamowy	mejnstrimowy
mainstreamowych	mejnstrimowych
mainstreamowym	mejnstrimowym
mainstreamowymi	mejnstrimowymi
mainstreamu	mejnstrimu
mainstreamy	mejnstrimy
niemainstreamowa	niemejnstrimowa
niemainstreamową	niemejnstrimową
niemainstreamowe	niemejnstrimowe
niemainstreamowego	niemejnstrimowego
niemainstreamowej	niemejnstrimowej
niemainstreamowemu	niemejnstrimowemu
niemainstreamowi	niemejnstrimowi
niemainstreamowo	niemejnstrimowo
niemainstreamowy	niemejnstrimowy
niemainstreamowych	niemejnstrimowych
niemainstreamowym	niemejnstrimowym
niemainstreamowymi	niemejnstrimowymi
Microsofcie	majkrosofcie
Microsoft	majkrosoft
Microsoftem	majkrosoftem
microsoftowa	majkrosoftowa
microsoftową	majkrosoftową
microsoftowe	majkrosoftowe
microsoftowego	majkrosoftowego
microsoftowej	majkrosoftowej
microsoftowemu	majkrosoftowemu
microsoftowi	majkrosoftowi
Microsoftowi	majkrosoftowi
microsoftowy	majkrosoftowy
microsoftowych	majkrosoftowych
microsoftowym	majkrosoftowym
microsoftowymi	majkrosoftowymi
Microsoftu	majkrosoftu
niemicrosoftowa	niemajkrosoftowa
niemicrosoftową	niemajkrosoftową
niemicrosoftowe	niemajkrosoftowe
niemicrosoftowego	niemajkrosoftowego
niemicrosoftowej	niemajkrosoftowej
niemicrosoftowemu	niemajkrosoftowemu
niemicrosoftowi	niemajkrosoftowi
niemicrosoftowy	niemajkrosoftowy
niemicrosoftowych	niemajkrosoftowych
niemicrosoftowym	niemajkrosoftowym
niemicrosoftowymi	niemajkrosoftowymi
Microsofcie	majkrołsofcie
Microsoft	majkrołsoft
Microsoftem	majkrołsoftem
microsoftowa	majkrołsoftowa
microsoftową	majkrołsoftową
microsoftowe	majkrołsoftowe
microsoftowego	majkrołsoftowego
microsoftowej	majkrołsoftowej
microsoftowemu	majkrołsoftowemu
microsoftowi	majkrołsoftowi
Microsoftowi	majkrołsoftowi
microsoftowy	majkrołsoftowy
microsoftowych	majkrołsoftowych
microsoftowym	majkrołsoftowym
microsoftowymi	majkrołsoftowymi
Microsoftu	majkrołsoftu
niemicrosoftowa	niemajkrołsoftowa
niemicrosoftową	niemajkrołsoftową
niemicrosoftowe	niemajkrołsoftowe
niemicrosoftowego	niemajkrołsoftowego
niemicrosoftowej	niemajkrołsoftowej
niemicrosoftowemu	niemajkrołsoftowemu
niemicrosoftowi	niemajkrołsoftowi
niemicrosoftowy	niemajkrołsoftowy
niemicrosoftowych	niemajkrołsoftowych
niemicrosoftowym	niemajkrołsoftowym
niemicrosoftowymi	niemajkrołsoftowymi
newsletter	niusleter
newslettera	niusletera
newsletterach	niusleterach
newsletterami	niusleterami
newsletterem	niusleterem
newsletterom	niusleterom
newsletterów	niusleterów
newsletterowa	niusleterowa
newsletterową	niusleterową
newsletterowe	niusleterowe
newsletterowego	niusleterowego
newsletterowej	niusleterowej
newsletterowemu	niusleterowemu
newsletterowi	niusleterowi
newsletterowy	niusleterowy
newsletterowych	niusleterowych
newsletterowym	niusleterowym
newsletterowymi	niusleterowymi
newslettery	niusletery
newsletterze	niusleterze
nienewsletterowa	nieniusleterowa
nienewsletterową	nieniusleterową
nienewsletterowe	nieniusleterowe
nienewsletterowego	nieniusleterowego
nienewsletterowej	nieniusleterowej
nienewsletterowemu	nieniusleterowemu
nienewsletterowi	nieniusleterowi
nienewsletterowy	nieniusleterowy
nienewsletterowych	nieniusleterowych
nienewsletterowym	nieniusleterowym
nienewsletterowymi	nieniusleterowymi
nick	nik
nicka	nika
nickach	nikach
nickami	nikami
nicki	niki
nickiem	nikiem
nickom	nikom
nicków	ników
nickowi	nikowi
nicku	niku
nivea	niwea
niveą	niweą
niveach	niweach
niveami	niweami
nivee	niwee
niveę	niweę
nivee	niwe
niveę	niwę
nivei	niwei
niveo	niweo
niveom	niweom
octavia	oktawia
octavią	oktawią
octaviach	oktawiach
octaviami	oktawiami
octavie	oktawie
octavię	oktawię
octavii	oktawi
octavio	oktawio
octaviom	oktawiom
nieoffsetowa	nieofsetowa
nieoffsetową	nieofsetową
nieoffsetowe	nieofsetowe
nieoffsetowego	nieofsetowego
nieoffsetowej	nieofsetowej
nieoffsetowemu	nieofsetowemu
nieoffsetowi	nieofsetowi
nieoffsetowy	nieofsetowy
nieoffsetowych	nieofsetowych
nieoffsetowym	nieofsetowym
nieoffsetowymi	nieofsetowymi
offsecie	ofsecie
offset	ofset
offsetach	ofsetach
offsetami	ofsetami
offsetem	ofsetem
offsetobiorca	ofsetobiorca
offsetobiorcą	ofsetobiorcą
offsetobiorcach	ofsetobiorcach
offsetobiorcami	ofsetobiorcami
offsetobiorce	ofsetobiorce
offsetobiorcę	ofsetobiorcę
offsetobiorco	ofsetobiorco
offsetobiorcom	ofsetobiorcom
offsetobiorców	ofsetobiorców
offsetobiorcy	ofsetobiorcy
offsetodawca	ofsetodawca
offsetodawcą	ofsetodawcą
offsetodawcach	ofsetodawcach
offsetodawcami	ofsetodawcami
offsetodawce	ofsetodawce
offsetodawcę	ofsetodawcę
offsetodawco	ofsetodawco
offsetodawcom	ofsetodawcom
offsetodawców	ofsetodawców
offsetodawcy	ofsetodawcy
offsetom	ofsetom
offsetów	ofsetów
offsetowa	ofsetowa
offsetową	ofsetową
offsetowe	ofsetowe
offsetowego	ofsetowego
offsetowej	ofsetowej
offsetowemu	ofsetowemu
offsetowi	ofsetowi
offsetowy	ofsetowy
offsetowych	ofsetowych
offsetowym	ofsetowym
offsetowymi	ofsetowymi
offsetu	ofsetu
offsety	ofsety
outsider	ałtsajder
outsidera	ałtsajdera
outsiderach	ałtsajderach
outsiderami	ałtsajderami
outsiderem	ałtsajderem
outsiderom	ałtsajderom
outsiderów	ałtsajderów
outsiderowi	ałtsajderowi
outsidery	ałtsajdery
outsiderze	ałtsajderze
outsiderzy	ałtsajderzy
peeselowscy	pe-es-elowscy
peeselowska	pe-es-elowska
peeselowską	pe-es-elowską
peeselowski	pe-es-elowski
peeselowskich	pe-es-elowskich
peeselowskie	pe-es-elowskie
peeselowskiego	pe-es-elowskiego
peeselowskiej	pe-es-elowskiej
peeselowskiemu	pe-es-elowskiemu
peeselowskim	pe-es-elowskim
peeselowskimi	pe-es-elowskimi
peeselowsko	pe-es-elowsko
peeselowsku	pe-es-elowsku
peerelowscy	pe-er-elowscy
peerelowska	pe-er-elowska
peerelowską	pe-er-elowską
peerelowski	pe-er-elowski
peerelowskich	pe-er-elowskich
peerelowskie	pe-er-elowskie
peerelowskiego	pe-er-elowskiego
peerelowskiej	pe-er-elowskiej
peerelowskiemu	pe-er-elowskiemu
peerelowskim	pe-er-elowskim
peerelowskimi	pe-er-elowskimi
peerelowsko	pe-er-elowsko
peerelowsku	pe-er-elowsku
niepeeselowscy	niepe-es-elowscy
niepeeselowska	niepe-es-elowska
niepeeselowską	niepe-es-elowską
niepeeselowski	niepe-es-elowski
niepeeselowskich	niepe-es-elowskich
niepeeselowskie	niepe-es-elowskie
niepeeselowskiego	niepe-es-elowskiego
niepeeselowskiej	niepe-es-elowskiej
niepeeselowskiemu	niepe-es-elowskiemu
niepeeselowskim	niepe-es-elowskim
niepeeselowskimi	niepe-es-elowskimi
niepeeselowsko	niepe-es-elowsko
niepeerelowscy	niepe-er-elowscy
niepeerelowska	niepe-er-elowska
niepeerelowską	niepe-er-elowską
niepeerelowski	niepe-er-elowski
niepeerelowskich	niepe-er-elowskich
niepeerelowskie	niepe-er-elowskie
niepeerelowskiego	niepe-er-elowskiego
niepeerelowskiej	niepe-er-elowskiej
niepeerelowskiemu	niepe-er-elowskiemu
niepeerelowskim	niepe-er-elowskim
niepeerelowskimi	niepe-er-elowskimi
niepeerelowsko	niepe-er-elowsko
pool	pul
poola	pula
poolach	pulach
poolami	pulami
poole	pule
poolem	pulem
pooli	puli
poolom	pulom
poolowi	pulowi
poolu	pulu
provider	prowajder
providera	prowajdera
providerach	prowajderach
providerami	prowajderami
providerem	prowajderem
providerom	prowajderom
providerów	prowajderów
providerowi	prowajderowi
providery	prowajdery
providerze	prowajderze
providerzy	prowajderzy
quad	kład
quada	kłada
quadach	kładach
quadami	kładami
quadem	kładem
quadom	kładom
quadów	kładów
quadowi	kładowi
quady	kłady
quadzie	kładzie
quad	kłod
quada	kłoda
quadach	kłodach
quadami	kłodami
quadem	kłodem
quadom	kłodom
quadów	kłodów
quadowi	kłodowi
quady	kłody
quadzie	kłodzie
roadster	rołtster
roadstera	rołtstera
roadsterach	rołtsterach
roadsterami	rołtsterami
roadsterem	rołtsterem
roadsterom	rołtsterom
roadsterów	rołtsterów
roadsterowi	rołtsterowi
roadsteru	rołtsteru
roadstery	rołtstery
roadsterze	rołtsterze
sharp	szarp
sharpa	szarpa
sharpach	szarpach
sharpami	szarpami
sharpem	szarpem
sharpie	szarpie
sharpom	szarpom
sharpów	szarpów
sharpowi	szarpowi
sharpy	szarpy
shell	szel
shella	szela
shellach	szelach
shellami	szelami
shelle	szele
shellem	szelem
shellom	szelom
shellów	szelów
shellowi	szelowi
shellu	szelu
silikon	s-ilikon
silikonach	s-ilikonach
silikonami	s-ilikonami
silikonem	s-ilikonem
silikonie	s-ilikonie
silikonom	s-ilikonom
silikonów	s-ilikonów
silikonowi	s-ilikonowi
silikonu	s-ilikonu
silikony	s-ilikony
singel	s-ingel
singelce	s-ingelce
singelek	s-ingelek
singelka	s-ingelka
singelką	s-ingelką
singelkach	s-ingelkach
singelkami	s-ingelkami
singelkę	s-ingelkę
singelki	s-ingelki
singelko	s-ingelko
singelkom	s-ingelkom
singiel	s-ingiel
singielce	s-ingielce
singielek	s-ingielek
singielka	s-ingielka
singielką	s-ingielką
singielkach	s-ingielkach
singielkami	s-ingielkami
singielkę	s-ingielkę
singielki	s-ingielki
singielko	s-ingielko
singielkom	s-ingielkom
singielstw	s-ingielstw
singielstwa	s-ingielstwa
singielstwach	s-ingielstwach
singielstwami	s-ingielstwami
singielstwem	s-ingielstwem
singielstwie	s-ingielstwie
singielstwo	s-ingielstwo
singielstwom	s-ingielstwom
singielstwu	s-ingielstwu
singla	s-ingla
singlach	s-inglach
singlami	s-inglami
single	s-ingle
singlem	s-inglem
singli	s-ingli
singlom	s-inglom
singlów	s-inglów
singlowi	s-inglowi
singlu	s-inglu
maxi-singel	maks-is-ingel
maxi-singiel	maks-is-ingiel
maxi-singla	maks-is-ingla
maxi-singlach	maks-is-inglach
maxi-singlami	maks-is-inglami
maxi-single	maks-is-ingle
maxi-singlem	maks-is-inglem
maxi-singli	maks-is-ingli
maxi-singlom	maks-is-inglom
maxi-singlów	maks-is-inglów
maxi-singlowi	maks-is-inglowi
maxi-singlu	maks-is-inglu
niesinusoidalna	nies-inusojdalna
niesinusoidalną	nies-inusojdalną
niesinusoidalne	nies-inusojdalne
niesinusoidalnego	nies-inusojdalnego
niesinusoidalnej	nies-inusojdalnej
niesinusoidalnemu	nies-inusojdalnemu
niesinusoidalni	nies-inusojdalni
niesinusoidalnie	nies-inusojdalnie
niesinusoidalny	nies-inusojdalny
niesinusoidalnych	nies-inusojdalnych
niesinusoidalnym	nies-inusojdalnym
niesinusoidalnymi	nies-inusojdalnymi
sinusoid	s-inusojd
sinusoida	s-inusojda
sinusoidą	s-inusojdą
sinusoidach	s-inusojdach
sinusoidalna	s-inusojdalna
sinusoidalną	s-inusojdalną
sinusoidalne	s-inusojdalne
sinusoidalnego	s-inusojdalnego
sinusoidalnej	s-inusojdalnej
sinusoidalnemu	s-inusojdalnemu
sinusoidalni	s-inusojdalni
sinusoidalnie	s-inusojdalnie
sinusoidalny	s-inusojdalny
sinusoidalnych	s-inusojdalnych
sinusoidalnym	s-inusojdalnym
sinusoidalnymi	s-inusojdalnymi
sinusoidami	s-inusojdami
sinusoidę	s-inusojdę
sinusoido	s-inusojdo
sinusoidom	s-inusojdom
sinusoidy	s-inusojdy
sinusoidzie	s-inusojdzie
speed	spid
speeda	spida
speedach	spidach
speedami	spidami
speedem	spidem
speedom	spidom
speedów	spidów
speedowi	spidowi
speedy	spidy
speedzie	spidzie
team	tim
teamach	timach
teamami	timami
teamem	timem
teamie	timie
teamom	timom
teamów	timów
teamowi	timowi
teamu	timu
teamy	timy
web	łeb
webach	łebach
webami	łebami
webem	łebem
webie	łebie
webom	łebom
webów	łebów
webowi	łebowi
webu	łebu
weby	łeby
niewindsurfingowa	niełindserfingowa
niewindsurfingową	niełindserfingową
niewindsurfingowe	niełindserfingowe
niewindsurfingowego	niełindserfingowego
niewindsurfingowej	niełindserfingowej
niewindsurfingowemu	niełindserfingowemu
niewindsurfingowi	niełindserfingowi
niewindsurfingowo	niełindserfingowo
niewindsurfingowy	niełindserfingowy
niewindsurfingowych	niełindserfingowych
niewindsurfingowym	niełindserfingowym
niewindsurfingowymi	niełindserfingowymi
windsurfer	łindserfer
windsurfera	łindserfera
windsurferach	łindserferach
windsurferami	łindserferami
windsurferce	łindserferce
windsurferek	łindserferek
windsurferem	łindserferem
windsurferka	łindserferka
windsurferką	łindserferką
windsurferkach	łindserferkach
windsurferkami	łindserferkami
windsurferkę	łindserferkę
windsurferki	łindserferki
windsurferko	łindserferko
windsurferkom	łindserferkom
windsurferom	łindserferom
windsurferów	łindserferów
windsurferowi	łindserferowi
windsurfery	łindserfery
windsurferze	łindserferze
windsurferzy	łindserferzy
windsurfing	łindserfing
windsurfingach	łindserfingach
windsurfingami	łindserfingami
windsurfingi	łindserfingi
windsurfingiem	łindserfingiem
windsurfingom	łindserfingom
windsurfingów	łindserfingów
windsurfingowa	łindserfingowa
windsurfingową	łindserfingową
windsurfingowca	łindserfingowca
windsurfingowcach	łindserfingowcach
windsurfingowcami	łindserfingowcami
windsurfingowce	łindserfingowce
windsurfingowcem	łindserfingowcem
windsurfingowcom	łindserfingowcom
windsurfingowców	łindserfingowców
windsurfingowcowi	łindserfingowcowi
windsurfingowcu	łindserfingowcu
windsurfingowcy	łindserfingowcy
windsurfingowcze	łindserfingowcze
windsurfingowe	łindserfingowe
windsurfingowego	łindserfingowego
windsurfingowej	łindserfingowej
windsurfingowemu	łindserfingowemu
windsurfingowi	łindserfingowi
windsurfingowiec	łindserfingowiec
windsurfingowo	łindserfingowo
windsurfingowy	łindserfingowy
windsurfingowych	łindserfingowych
windsurfingowym	łindserfingowym
windsurfingowymi	łindserfingowymi
windsurfingu	łindserfingu
żeglarsko-windsurfingowa	żeglarsko-łindserfingowa
żeglarsko-windsurfingową	żeglarsko-łindserfingową
żeglarsko-windsurfingowe	żeglarsko-łindserfingowe
żeglarsko-windsurfingowego	żeglarsko-łindserfingowego
żeglarsko-windsurfingowej	żeglarsko-łindserfingowej
żeglarsko-windsurfingowemu	żeglarsko-łindserfingowemu
żeglarsko-windsurfingowi	żeglarsko-łindserfingowi
żeglarsko-windsurfingowy	żeglarsko-łindserfingowy
żeglarsko-windsurfingowych	żeglarsko-łindserfingowych
żeglarsko-windsurfingowym	żeglarsko-łindserfingowym
żeglarsko-windsurfingowymi	żeglarsko-łindserfingowymi
niewindowsowa	niełindołsowa
niewindowsową	niełindołsową
niewindowsowe	niełindołsowe
niewindowsowego	niełindołsowego
niewindowsowej	niełindołsowej
niewindowsowemu	niełindołsowemu
niewindowsowi	niełindołsowi
niewindowsowy	niełindołsowy
niewindowsowych	niełindołsowych
niewindowsowym	niełindołsowym
niewindowsowymi	niełindołsowymi
windows	łindołs
windowsa	łindołsa
windowsach	łindołsach
windowsami	łindołsami
windowsem	łindołsem
windowsie	łindołsie
windowsom	łindołsom
windowsów	łindołsów
windowsowa	łindołsowa
windowsową	łindołsową
windowsowe	łindołsowe
windowsowego	łindołsowego
windowsowej	łindołsowej
windowsowemu	łindołsowemu
windowsowi	łindołsowi
windowsowy	łindołsowy
windowsowych	łindołsowych
windowsowym	łindołsowym
windowsowymi	łindołsowymi
windowsy	łindołsy
cis	c-is
IT	aj-ti
TMT	ti-em-ti
facto	fakto
Agile'a	adżajla
Agile'em	adżajlem
Agile'ową	adżajlową
Agile'owe	adżajlowe
Agile'owego	adżajlowego
Agile'owym	adżajlowym
Agile'owymi	adżajlowymi
Agile'u	adżajlu
Agile'a	edżajla
Agile'em	edżajlem
Agile'ową	edżajlową
Agile'owe	edżajlowe
Agile'owego	edżajlowego
Agile'owym	edżajlowym
Agile'owymi	edżajlowymi
Agile'u	edżajlu
Cizy	c-izy
tarzanach	tar-zanach
tarzanami	tar-zanami
tarzanom	tar-zanom
tarzana	tar-zana
tarzanem	tar-zanem
tarzanie	tar-zanie
tarzanowi	tar-zanowi
tarzan	tar-zan
tarzanów	tar-zanów
tarzany	tar-zany
niepozamarzana	niepozamar-zana
niepozamarzaną	niepozamar-zaną
niepozamarzane	niepozamar-zane
niepozamarzanego	niepozamar-zanego
niepozamarzanej	niepozamar-zanej
niepozamarzanemu	niepozamar-zanemu
niepozamarzani	niepozamar-zani
niepozamarzania	niepozamar-zania
niepozamarzanie	niepozamar-zanie
niepozamarzaniem	niepozamar-zaniem
niepozamarzaniu	niepozamar-zaniu
niepozamarzany	niepozamar-zany
niepozamarzanych	niepozamar-zanych
niepozamarzanym	niepozamar-zanym
niepozamarzanymi	niepozamar-zanymi
niezamarzająca	niezamar-zająca
niezamarzającą	niezamar-zającą
niezamarzające	niezamar-zające
niezamarzającego	niezamar-zającego
niezamarzającej	niezamar-zającej
niezamarzającemu	niezamar-zającemu
niezamarzający	niezamar-zający
niezamarzających	niezamar-zających
niezamarzającym	niezamar-zającym
niezamarzającymi	niezamar-zającymi
niezamarzana	niezamar-zana
niezamarzaną	niezamar-zaną
niezamarzane	niezamar-zane
niezamarzanego	niezamar-zanego
niezamarzanej	niezamar-zanej
niezamarzanemu	niezamar-zanemu
niezamarzani	niezamar-zani
niezamarzania	niezamar-zania
niezamarzanie	niezamar-zanie
niezamarzaniem	niezamar-zaniem
niezamarzaniu	niezamar-zaniu
niezamarzany	niezamar-zany
niezamarzanych	niezamar-zanych
niezamarzanym	niezamar-zanym
niezamarzanymi	niezamar-zanymi
pozamarza	pozamar-za
pozamarzać	pozamar-zać
pozamarzacie	pozamar-zacie
pozamarzaj	pozamar-zaj
pozamarzają	pozamar-zają
pozamarzajcie	pozamar-zajcie
pozamarzajmy	pozamar-zajmy
pozamarzał	pozamar-zał
pozamarzała	pozamar-zała
pozamarzali	pozamar-zali
pozamarzało	pozamar-zało
pozamarzały	pozamar-zały
pozamarzam	pozamar-zam
pozamarzamy	pozamar-zamy
pozamarzana	pozamar-zana
pozamarzaną	pozamar-zaną
pozamarzane	pozamar-zane
pozamarzanego	pozamar-zanego
pozamarzanej	pozamar-zanej
pozamarzanemu	pozamar-zanemu
pozamarzani	pozamar-zani
pozamarzania	pozamar-zania
pozamarzanie	pozamar-zanie
pozamarzaniem	pozamar-zaniem
pozamarzaniu	pozamar-zaniu
pozamarzano	pozamar-zano
pozamarzany	pozamar-zany
pozamarzanych	pozamar-zanych
pozamarzanym	pozamar-zanym
pozamarzanymi	pozamar-zanymi
pozamarzasz	pozamar-zasz
pozamarzawszy	pozamar-zawszy
zamarza	zamar-za
zamarzać	zamar-zać
zamarzacie	zamar-zacie
zamarzaj	zamar-zaj
zamarzają	zamar-zają
zamarzając	zamar-zając
zamarzająca	zamar-zająca
zamarzającą	zamar-zającą
zamarzające	zamar-zające
zamarzającego	zamar-zającego
zamarzającej	zamar-zającej
zamarzającemu	zamar-zającemu
zamarzający	zamar-zający
zamarzających	zamar-zających
zamarzającym	zamar-zającym
zamarzającymi	zamar-zającymi
zamarzajcie	zamar-zajcie
zamarzajmy	zamar-zajmy
zamarzał	zamar-zał
zamarzała	zamar-zała
zamarzali	zamar-zali
zamarzało	zamar-zało
zamarzały	zamar-zały
zamarzam	zamar-zam
zamarzamy	zamar-zamy
zamarzana	zamar-zana
zamarzaną	zamar-zaną
zamarzane	zamar-zane
zamarzanego	zamar-zanego
zamarzanej	zamar-zanej
zamarzanemu	zamar-zanemu
zamarzani	zamar-zani
zamarzania	zamar-zania
zamarzanie	zamar-zanie
zamarzaniem	zamar-zaniem
zamarzaniu	zamar-zaniu
zamarzano	zamar-zano
zamarzany	zamar-zany
zamarzanych	zamar-zanych
zamarzanym	zamar-zanym
zamarzanymi	zamar-zanymi
zamarzasz	zamar-zasz
domarzł	domar-zł
domarzła	domar-zła
domarzli	domar-zli
domarzło	domar-zło
domarzłszy	domar-złszy
domarzły	domar-zły
domarzną	domar-zną
domarznąć	domar-znąć
domarznę	domar-znę
domarznie	domar-znie
domarznięci	domar-znięci
domarznięcia	domar-znięcia
domarzniecie	domar-zniecie
domarznięcie	domar-znięcie
domarznięciem	domar-znięciem
domarznięciu	domar-znięciu
domarzniemy	domar-zniemy
domarzniesz	domar-zniesz
domarznięta	domar-znięta
domarzniętą	domar-zniętą
domarznięte	domar-znięte
domarzniętego	domar-zniętego
domarzniętej	domar-zniętej
domarzniętemu	domar-zniętemu
domarznięto	domar-znięto
domarznięty	domar-znięty
domarzniętych	domar-zniętych
domarzniętym	domar-zniętym
domarzniętymi	domar-zniętymi
domarznij	domar-znij
domarznijcie	domar-znijcie
domarznijmy	domar-znijmy
marzł	mar-zł
marzła	mar-zła
marzli	mar-zli
marzło	mar-zło
marzły	mar-zły
marzną	mar-zną
marznąc	mar-znąc
marznąć	mar-znąć
marznąca	mar-znąca
marznącą	mar-znącą
marznące	mar-znące
marznącego	mar-znącego
marznącej	mar-znącej
marznącemu	mar-znącemu
marznący	mar-znący
marznących	mar-znących
marznącym	mar-znącym
marznącymi	mar-znącymi
marznę	mar-znę
marznie	mar-znie
marznięcia	mar-znięcia
marzniecie	mar-zniecie
marznięcie	mar-znięcie
marznięciem	mar-znięciem
marznięciu	mar-znięciu
marzniemy	mar-zniemy
marzniesz	mar-zniesz
marznięto	mar-znięto
marznij	mar-znij
marznijcie	mar-znijcie
marznijmy	mar-znijmy
nadmarzł	nadmar-zł
nadmarzła	nadmar-zła
nadmarzli	nadmar-zli
nadmarzło	nadmar-zło
nadmarzłszy	nadmar-złszy
nadmarzły	nadmar-zły
nadmarzną	nadmar-zną
nadmarznąć	nadmar-znąć
nadmarznę	nadmar-znę
nadmarznie	nadmar-znie
nadmarznięci	nadmar-znięci
nadmarznięcia	nadmar-znięcia
nadmarzniecie	nadmar-zniecie
nadmarznięcie	nadmar-znięcie
nadmarznięciem	nadmar-znięciem
nadmarznięciu	nadmar-znięciu
nadmarzniemy	nadmar-zniemy
nadmarzniesz	nadmar-zniesz
nadmarznięta	nadmar-znięta
nadmarzniętą	nadmar-zniętą
nadmarznięte	nadmar-znięte
nadmarzniętego	nadmar-zniętego
nadmarzniętej	nadmar-zniętej
nadmarzniętemu	nadmar-zniętemu
nadmarznięto	nadmar-znięto
nadmarznięty	nadmar-znięty
nadmarzniętych	nadmar-zniętych
nadmarzniętym	nadmar-zniętym
nadmarzniętymi	nadmar-zniętymi
nadmarznij	nadmar-znij
nadmarznijcie	nadmar-znijcie
nadmarznijmy	nadmar-znijmy
namarzł	namar-zł
namarzła	namar-zła
namarzli	namar-zli
namarzło	namar-zło
namarzłszy	namar-złszy
namarzły	namar-zły
namarzną	namar-zną
namarznąć	namar-znąć
namarznę	namar-znę
namarznie	namar-znie
namarznięci	namar-znięci
namarznięcia	namar-znięcia
namarzniecie	namar-zniecie
namarznięcie	namar-znięcie
namarznięciem	namar-znięciem
namarznięciu	namar-znięciu
namarzniemy	namar-zniemy
namarzniesz	namar-zniesz
namarznięta	namar-znięta
namarzniętą	namar-zniętą
namarznięte	namar-znięte
namarzniętego	namar-zniętego
namarzniętej	namar-zniętej
namarzniętemu	namar-zniętemu
namarznięto	namar-znięto
namarznięty	namar-znięty
namarzniętych	namar-zniętych
namarzniętym	namar-zniętym
namarzniętymi	namar-zniętymi
namarznij	namar-znij
namarznijcie	namar-znijcie
namarznijmy	namar-znijmy
niedomarznięci	niedomar-znięci
niedomarznięcia	niedomar-znięcia
niedomarznięcie	niedomar-znięcie
niedomarznięciem	niedomar-znięciem
niedomarznięciu	niedomar-znięciu
niedomarznięta	niedomar-znięta
niedomarzniętą	niedomar-zniętą
niedomarznięte	niedomar-znięte
niedomarzniętego	niedomar-zniętego
niedomarzniętej	niedomar-zniętej
niedomarzniętemu	niedomar-zniętemu
niedomarznięty	niedomar-znięty
niedomarzniętych	niedomar-zniętych
niedomarzniętym	niedomar-zniętym
niedomarzniętymi	niedomar-zniętymi
niemarznąca	niemar-znąca
niemarznącą	niemar-znącą
niemarznące	niemar-znące
niemarznącego	niemar-znącego
niemarznącej	niemar-znącej
niemarznącemu	niemar-znącemu
niemarznący	niemar-znący
niemarznących	niemar-znących
niemarznącym	niemar-znącym
niemarznącymi	niemar-znącymi
niemarznięcia	niemar-znięcia
niemarznięcie	niemar-znięcie
niemarznięciem	niemar-znięciem
niemarznięciu	niemar-znięciu
nienadmarznięci	nienadmar-znięci
nienadmarznięcia	nienadmar-znięcia
nienadmarznięcie	nienadmar-znięcie
nienadmarznięciem	nienadmar-znięciem
nienadmarznięciu	nienadmar-znięciu
nienadmarznięta	nienadmar-znięta
nienadmarzniętą	nienadmar-zniętą
nienadmarznięte	nienadmar-znięte
nienadmarzniętego	nienadmar-zniętego
nienadmarzniętej	nienadmar-zniętej
nienadmarzniętemu	nienadmar-zniętemu
nienadmarznięty	nienadmar-znięty
nienadmarzniętych	nienadmar-zniętych
nienadmarzniętym	nienadmar-zniętym
nienadmarzniętymi	nienadmar-zniętymi
nienamarznięci	nienamar-znięci
nienamarznięcia	nienamar-znięcia
nienamarznięcie	nienamar-znięcie
nienamarznięciem	nienamar-znięciem
nienamarznięciu	nienamar-znięciu
nienamarznięta	nienamar-znięta
nienamarzniętą	nienamar-zniętą
nienamarznięte	nienamar-znięte
nienamarzniętego	nienamar-zniętego
nienamarzniętej	nienamar-zniętej
nienamarzniętemu	nienamar-zniętemu
nienamarznięty	nienamar-znięty
nienamarzniętych	nienamar-zniętych
nienamarzniętym	nienamar-zniętym
nienamarzniętymi	nienamar-zniętymi
nieobmarznięci	nieobmar-znięci
nieobmarznięcia	nieobmar-znięcia
nieobmarznięcie	nieobmar-znięcie
nieobmarznięciem	nieobmar-znięciem
nieobmarznięciu	nieobmar-znięciu
nieobmarznięta	nieobmar-znięta
nieobmarzniętą	nieobmar-zniętą
nieobmarznięte	nieobmar-znięte
nieobmarzniętego	nieobmar-zniętego
nieobmarzniętej	nieobmar-zniętej
nieobmarzniętemu	nieobmar-zniętemu
nieobmarznięty	nieobmar-znięty
nieobmarzniętych	nieobmar-zniętych
nieobmarzniętym	nieobmar-zniętym
nieobmarzniętymi	nieobmar-zniętymi
nieodmarznięci	nieodmar-znięci
nieodmarznięcia	nieodmar-znięcia
nieodmarznięcie	nieodmar-znięcie
nieodmarznięciem	nieodmar-znięciem
nieodmarznięciu	nieodmar-znięciu
nieodmarznięta	nieodmar-znięta
nieodmarzniętą	nieodmar-zniętą
nieodmarznięte	nieodmar-znięte
nieodmarzniętego	nieodmar-zniętego
nieodmarzniętej	nieodmar-zniętej
nieodmarzniętemu	nieodmar-zniętemu
nieodmarznięty	nieodmar-znięty
nieodmarzniętych	nieodmar-zniętych
nieodmarzniętym	nieodmar-zniętym
nieodmarzniętymi	nieodmar-zniętymi
nieomarznięci	nieomar-znięci
nieomarznięcia	nieomar-znięcia
nieomarznięcie	nieomar-znięcie
nieomarznięciem	nieomar-znięciem
nieomarznięciu	nieomar-znięciu
nieomarznięta	nieomar-znięta
nieomarzniętą	nieomar-zniętą
nieomarznięte	nieomar-znięte
nieomarzniętego	nieomar-zniętego
nieomarzniętej	nieomar-zniętej
nieomarzniętemu	nieomar-zniętemu
nieomarznięty	nieomar-znięty
nieomarzniętych	nieomar-zniętych
nieomarzniętym	nieomar-zniętym
nieomarzniętymi	nieomar-zniętymi
niepodmarznięci	niepodmar-znięci
niepodmarznięcia	niepodmar-znięcia
niepodmarznięcie	niepodmar-znięcie
niepodmarznięciem	niepodmar-znięciem
niepodmarznięciu	niepodmar-znięciu
niepodmarznięta	niepodmar-znięta
niepodmarzniętą	niepodmar-zniętą
niepodmarznięte	niepodmar-znięte
niepodmarzniętego	niepodmar-zniętego
niepodmarzniętej	niepodmar-zniętej
niepodmarzniętemu	niepodmar-zniętemu
niepodmarznięty	niepodmar-znięty
niepodmarzniętych	niepodmar-zniętych
niepodmarzniętym	niepodmar-zniętym
niepodmarzniętymi	niepodmar-zniętymi
niepomarznięci	niepomar-znięci
niepomarznięcia	niepomar-znięcia
niepomarznięcie	niepomar-znięcie
niepomarznięciem	niepomar-znięciem
niepomarznięciu	niepomar-znięciu
niepomarznięta	niepomar-znięta
niepomarzniętą	niepomar-zniętą
niepomarznięte	niepomar-znięte
niepomarzniętego	niepomar-zniętego
niepomarzniętej	niepomar-zniętej
niepomarzniętemu	niepomar-zniętemu
niepomarznięty	niepomar-znięty
niepomarzniętych	niepomar-zniętych
niepomarzniętym	niepomar-zniętym
niepomarzniętymi	niepomar-zniętymi
nieprzemarznięci	nieprzemar-znięci
nieprzemarznięcia	nieprzemar-znięcia
nieprzemarznięcie	nieprzemar-znięcie
nieprzemarznięciem	nieprzemar-znięciem
nieprzemarznięciu	nieprzemar-znięciu
nieprzemarznięta	nieprzemar-znięta
nieprzemarzniętą	nieprzemar-zniętą
nieprzemarznięte	nieprzemar-znięte
nieprzemarzniętego	nieprzemar-zniętego
nieprzemarzniętej	nieprzemar-zniętej
nieprzemarzniętemu	nieprzemar-zniętemu
nieprzemarznięty	nieprzemar-znięty
nieprzemarzniętych	nieprzemar-zniętych
nieprzemarzniętym	nieprzemar-zniętym
nieprzemarzniętymi	nieprzemar-zniętymi
nieprzymarznięci	nieprzymar-znięci
nieprzymarznięcia	nieprzymar-znięcia
nieprzymarznięcie	nieprzymar-znięcie
nieprzymarznięciem	nieprzymar-znięciem
nieprzymarznięciu	nieprzymar-znięciu
nieprzymarznięta	nieprzymar-znięta
nieprzymarzniętą	nieprzymar-zniętą
nieprzymarznięte	nieprzymar-znięte
nieprzymarzniętego	nieprzymar-zniętego
nieprzymarzniętej	nieprzymar-zniętej
nieprzymarzniętemu	nieprzymar-zniętemu
nieprzymarznięty	nieprzymar-znięty
nieprzymarzniętych	nieprzymar-zniętych
nieprzymarzniętym	nieprzymar-zniętym
nieprzymarzniętymi	nieprzymar-zniętymi
nierozmarznięci	nierozmar-znięci
nierozmarznięcia	nierozmar-znięcia
nierozmarznięcie	nierozmar-znięcie
nierozmarznięciem	nierozmar-znięciem
nierozmarznięciu	nierozmar-znięciu
nierozmarznięta	nierozmar-znięta
nierozmarzniętą	nierozmar-zniętą
nierozmarznięte	nierozmar-znięte
nierozmarzniętego	nierozmar-zniętego
nierozmarzniętej	nierozmar-zniętej
nierozmarzniętemu	nierozmar-zniętemu
nierozmarznięty	nierozmar-znięty
nierozmarzniętych	nierozmar-zniętych
nierozmarzniętym	nierozmar-zniętym
nierozmarzniętymi	nierozmar-zniętymi
nieumarznięci	nieumar-znięci
nieumarznięcia	nieumar-znięcia
nieumarznięcie	nieumar-znięcie
nieumarznięciem	nieumar-znięciem
nieumarznięciu	nieumar-znięciu
nieumarznięta	nieumar-znięta
nieumarzniętą	nieumar-zniętą
nieumarznięte	nieumar-znięte
nieumarzniętego	nieumar-zniętego
nieumarzniętej	nieumar-zniętej
nieumarzniętemu	nieumar-zniętemu
nieumarznięty	nieumar-znięty
nieumarzniętych	nieumar-zniętych
nieumarzniętym	nieumar-zniętym
nieumarzniętymi	nieumar-zniętymi
niewmarznięci	niewmar-znięci
niewmarznięcia	niewmar-znięcia
niewmarznięcie	niewmar-znięcie
niewmarznięciem	niewmar-znięciem
niewmarznięciu	niewmar-znięciu
niewmarznięta	niewmar-znięta
niewmarzniętą	niewmar-zniętą
niewmarznięte	niewmar-znięte
niewmarzniętego	niewmar-zniętego
niewmarzniętej	niewmar-zniętej
niewmarzniętemu	niewmar-zniętemu
niewmarznięty	niewmar-znięty
niewmarzniętych	niewmar-zniętych
niewmarzniętym	niewmar-zniętym
niewmarzniętymi	niewmar-zniętymi
niewymarznięci	niewymar-znięci
niewymarznięcia	niewymar-znięcia
niewymarznięcie	niewymar-znięcie
niewymarznięciem	niewymar-znięciem
niewymarznięciu	niewymar-znięciu
niewymarznięta	niewymar-znięta
niewymarzniętą	niewymar-zniętą
niewymarznięte	niewymar-znięte
niewymarzniętego	niewymar-zniętego
niewymarzniętej	niewymar-zniętej
niewymarzniętemu	niewymar-zniętemu
niewymarznięty	niewymar-znięty
niewymarzniętych	niewymar-zniętych
niewymarzniętym	niewymar-zniętym
niewymarzniętymi	niewymar-zniętymi
niezamarznięci	niezamar-znięci
niezamarznięcia	niezamar-znięcia
niezamarznięcie	niezamar-znięcie
niezamarznięciem	niezamar-znięciem
niezamarznięciu	niezamar-znięciu
niezamarznięta	niezamar-znięta
niezamarzniętą	niezamar-zniętą
niezamarznięte	niezamar-znięte
niezamarzniętego	niezamar-zniętego
niezamarzniętej	niezamar-zniętej
niezamarzniętemu	niezamar-zniętemu
niezamarznięty	niezamar-znięty
niezamarzniętych	niezamar-zniętych
niezamarzniętym	niezamar-zniętym
niezamarzniętymi	niezamar-zniętymi
niezmarznięci	niezmar-znięci
niezmarznięcia	niezmar-znięcia
niezmarznięcie	niezmar-znięcie
niezmarznięciem	niezmar-znięciem
niezmarznięciu	niezmar-znięciu
niezmarznięta	niezmar-znięta
niezmarzniętą	niezmar-zniętą
niezmarznięte	niezmar-znięte
niezmarzniętego	niezmar-zniętego
niezmarzniętej	niezmar-zniętej
niezmarzniętemu	niezmar-zniętemu
niezmarznięty	niezmar-znięty
niezmarzniętych	niezmar-zniętych
niezmarzniętym	niezmar-zniętym
niezmarzniętymi	niezmar-zniętymi
obmarzł	obmar-zł
obmarzła	obmar-zła
obmarzli	obmar-zli
obmarzło	obmar-zło
obmarzłszy	obmar-złszy
obmarzły	obmar-zły
obmarzną	obmar-zną
obmarznąć	obmar-znąć
obmarznę	obmar-znę
obmarznie	obmar-znie
obmarznięci	obmar-znięci
obmarznięcia	obmar-znięcia
obmarzniecie	obmar-zniecie
obmarznięcie	obmar-znięcie
obmarznięciem	obmar-znięciem
obmarznięciu	obmar-znięciu
obmarzniemy	obmar-zniemy
obmarzniesz	obmar-zniesz
obmarznięta	obmar-znięta
obmarzniętą	obmar-zniętą
obmarznięte	obmar-znięte
obmarzniętego	obmar-zniętego
obmarzniętej	obmar-zniętej
obmarzniętemu	obmar-zniętemu
obmarznięto	obmar-znięto
obmarznięty	obmar-znięty
obmarzniętych	obmar-zniętych
obmarzniętym	obmar-zniętym
obmarzniętymi	obmar-zniętymi
obmarznij	obmar-znij
obmarznijcie	obmar-znijcie
obmarznijmy	obmar-znijmy
odmarzł	odmar-zł
odmarzła	odmar-zła
odmarzli	odmar-zli
odmarzło	odmar-zło
odmarzłszy	odmar-złszy
odmarzły	odmar-zły
odmarzną	odmar-zną
odmarznąć	odmar-znąć
odmarznę	odmar-znę
odmarznie	odmar-znie
odmarznięci	odmar-znięci
odmarznięcia	odmar-znięcia
odmarzniecie	odmar-zniecie
odmarznięcie	odmar-znięcie
odmarznięciem	odmar-znięciem
odmarznięciu	odmar-znięciu
odmarzniemy	odmar-zniemy
odmarzniesz	odmar-zniesz
odmarznięta	odmar-znięta
odmarzniętą	odmar-zniętą
odmarznięte	odmar-znięte
odmarzniętego	odmar-zniętego
odmarzniętej	odmar-zniętej
odmarzniętemu	odmar-zniętemu
odmarznięto	odmar-znięto
odmarznięty	odmar-znięty
odmarzniętych	odmar-zniętych
odmarzniętym	odmar-zniętym
odmarzniętymi	odmar-zniętymi
odmarznij	odmar-znij
odmarznijcie	odmar-znijcie
odmarznijmy	odmar-znijmy
omarzł	omar-zł
omarzła	omar-zła
omarzli	omar-zli
omarzło	omar-zło
omarzłszy	omar-złszy
omarzły	omar-zły
omarzną	omar-zną
omarznąć	omar-znąć
omarznę	omar-znę
omarznie	omar-znie
omarznięci	omar-znięci
omarznięcia	omar-znięcia
omarzniecie	omar-zniecie
omarznięcie	omar-znięcie
omarznięciem	omar-znięciem
omarznięciu	omar-znięciu
omarzniemy	omar-zniemy
omarzniesz	omar-zniesz
omarznięta	omar-znięta
omarzniętą	omar-zniętą
omarznięte	omar-znięte
omarzniętego	omar-zniętego
omarzniętej	omar-zniętej
omarzniętemu	omar-zniętemu
omarznięto	omar-znięto
omarznięty	omar-znięty
omarzniętych	omar-zniętych
omarzniętym	omar-zniętym
omarzniętymi	omar-zniętymi
omarznij	omar-znij
omarznijcie	omar-znijcie
omarznijmy	omar-znijmy
podmarzł	podmar-zł
podmarzła	podmar-zła
podmarzli	podmar-zli
podmarzło	podmar-zło
podmarzłszy	podmar-złszy
podmarzły	podmar-zły
podmarzną	podmar-zną
podmarznąć	podmar-znąć
podmarznę	podmar-znę
podmarznie	podmar-znie
podmarznięci	podmar-znięci
podmarznięcia	podmar-znięcia
podmarzniecie	podmar-zniecie
podmarznięcie	podmar-znięcie
podmarznięciem	podmar-znięciem
podmarznięciu	podmar-znięciu
podmarzniemy	podmar-zniemy
podmarzniesz	podmar-zniesz
podmarznięta	podmar-znięta
podmarzniętą	podmar-zniętą
podmarznięte	podmar-znięte
podmarzniętego	podmar-zniętego
podmarzniętej	podmar-zniętej
podmarzniętemu	podmar-zniętemu
podmarznięto	podmar-znięto
podmarznięty	podmar-znięty
podmarzniętych	podmar-zniętych
podmarzniętym	podmar-zniętym
podmarzniętymi	podmar-zniętymi
podmarznij	podmar-znij
podmarznijcie	podmar-znijcie
podmarznijmy	podmar-znijmy
pomarzł	pomar-zł
pomarzła	pomar-zła
pomarzli	pomar-zli
pomarzło	pomar-zło
pomarzłszy	pomar-złszy
pomarzły	pomar-zły
pomarzną	pomar-zną
pomarznąć	pomar-znąć
pomarznę	pomar-znę
pomarznie	pomar-znie
pomarznięci	pomar-znięci
pomarznięcia	pomar-znięcia
pomarzniecie	pomar-zniecie
pomarznięcie	pomar-znięcie
pomarznięciem	pomar-znięciem
pomarznięciu	pomar-znięciu
pomarzniemy	pomar-zniemy
pomarzniesz	pomar-zniesz
pomarznięta	pomar-znięta
pomarzniętą	pomar-zniętą
pomarznięte	pomar-znięte
pomarzniętego	pomar-zniętego
pomarzniętej	pomar-zniętej
pomarzniętemu	pomar-zniętemu
pomarznięto	pomar-znięto
pomarznięty	pomar-znięty
pomarzniętych	pomar-zniętych
pomarzniętym	pomar-zniętym
pomarzniętymi	pomar-zniętymi
pomarznij	pomar-znij
pomarznijcie	pomar-znijcie
pomarznijmy	pomar-znijmy
przemarzł	przemar-zł
przemarzła	przemar-zła
przemarzli	przemar-zli
przemarzło	przemar-zło
przemarzłszy	przemar-złszy
przemarzły	przemar-zły
przemarzną	przemar-zną
przemarznąć	przemar-znąć
przemarznę	przemar-znę
przemarznie	przemar-znie
przemarznięci	przemar-znięci
przemarznięcia	przemar-znięcia
przemarzniecie	przemar-zniecie
przemarznięcie	przemar-znięcie
przemarznięciem	przemar-znięciem
przemarznięciu	przemar-znięciu
przemarzniemy	przemar-zniemy
przemarzniesz	przemar-zniesz
przemarznięta	przemar-znięta
przemarzniętą	przemar-zniętą
przemarznięte	przemar-znięte
przemarzniętego	przemar-zniętego
przemarzniętej	przemar-zniętej
przemarzniętemu	przemar-zniętemu
przemarznięto	przemar-znięto
przemarznięty	przemar-znięty
przemarzniętych	przemar-zniętych
przemarzniętym	przemar-zniętym
przemarzniętymi	przemar-zniętymi
przemarznij	przemar-znij
przemarznijcie	przemar-znijcie
przemarznijmy	przemar-znijmy
przymarzł	przymar-zł
przymarzła	przymar-zła
przymarzli	przymar-zli
przymarzło	przymar-zło
przymarzłszy	przymar-złszy
przymarzły	przymar-zły
przymarzną	przymar-zną
przymarznąć	przymar-znąć
przymarznę	przymar-znę
przymarznie	przymar-znie
przymarznięci	przymar-znięci
przymarznięcia	przymar-znięcia
przymarzniecie	przymar-zniecie
przymarznięcie	przymar-znięcie
przymarznięciem	przymar-znięciem
przymarznięciu	przymar-znięciu
przymarzniemy	przymar-zniemy
przymarzniesz	przymar-zniesz
przymarznięta	przymar-znięta
przymarzniętą	przymar-zniętą
przymarznięte	przymar-znięte
przymarzniętego	przymar-zniętego
przymarzniętej	przymar-zniętej
przymarzniętemu	przymar-zniętemu
przymarznięto	przymar-znięto
przymarznięty	przymar-znięty
przymarzniętych	przymar-zniętych
przymarzniętym	przymar-zniętym
przymarzniętymi	przymar-zniętymi
przymarznij	przymar-znij
przymarznijcie	przymar-znijcie
przymarznijmy	przymar-znijmy
rozmarzł	rozmar-zł
rozmarzła	rozmar-zła
rozmarzli	rozmar-zli
rozmarzło	rozmar-zło
rozmarzłszy	rozmar-złszy
rozmarzły	rozmar-zły
rozmarzną	rozmar-zną
rozmarznąć	rozmar-znąć
rozmarznę	rozmar-znę
rozmarznie	rozmar-znie
rozmarznięci	rozmar-znięci
rozmarznięcia	rozmar-znięcia
rozmarzniecie	rozmar-zniecie
rozmarznięcie	rozmar-znięcie
rozmarznięciem	rozmar-znięciem
rozmarznięciu	rozmar-znięciu
rozmarzniemy	rozmar-zniemy
rozmarzniesz	rozmar-zniesz
rozmarznięta	rozmar-znięta
rozmarzniętą	rozmar-zniętą
rozmarznięte	rozmar-znięte
rozmarzniętego	rozmar-zniętego
rozmarzniętej	rozmar-zniętej
rozmarzniętemu	rozmar-zniętemu
rozmarznięto	rozmar-znięto
rozmarznięty	rozmar-znięty
rozmarzniętych	rozmar-zniętych
rozmarzniętym	rozmar-zniętym
rozmarzniętymi	rozmar-zniętymi
rozmarznij	rozmar-znij
rozmarznijcie	rozmar-znijcie
rozmarznijmy	rozmar-znijmy
umarzł	umar-zł
umarzła	umar-zła
umarzli	umar-zli
umarzło	umar-zło
umarzłszy	umar-złszy
umarzły	umar-zły
umarzną	umar-zną
umarznąć	umar-znąć
umarznę	umar-znę
umarznie	umar-znie
umarznięci	umar-znięci
umarznięcia	umar-znięcia
umarzniecie	umar-zniecie
umarznięcie	umar-znięcie
umarznięciem	umar-znięciem
umarznięciu	umar-znięciu
umarzniemy	umar-zniemy
umarzniesz	umar-zniesz
umarznięta	umar-znięta
umarzniętą	umar-zniętą
umarznięte	umar-znięte
umarzniętego	umar-zniętego
umarzniętej	umar-zniętej
umarzniętemu	umar-zniętemu
umarznięto	umar-znięto
umarznięty	umar-znięty
umarzniętych	umar-zniętych
umarzniętym	umar-zniętym
umarzniętymi	umar-zniętymi
umarznij	umar-znij
umarznijcie	umar-znijcie
umarznijmy	umar-znijmy
wmarzł	wmar-zł
wmarzła	wmar-zła
wmarzli	wmar-zli
wmarzło	wmar-zło
wmarzłszy	wmar-złszy
wmarzły	wmar-zły
wmarzną	wmar-zną
wmarznąć	wmar-znąć
wmarznę	wmar-znę
wmarznie	wmar-znie
wmarznięci	wmar-znięci
wmarznięcia	wmar-znięcia
wmarzniecie	wmar-zniecie
wmarznięcie	wmar-znięcie
wmarznięciem	wmar-znięciem
wmarznięciu	wmar-znięciu
wmarzniemy	wmar-zniemy
wmarzniesz	wmar-zniesz
wmarznięta	wmar-znięta
wmarzniętą	wmar-zniętą
wmarznięte	wmar-znięte
wmarzniętego	wmar-zniętego
wmarzniętej	wmar-zniętej
wmarzniętemu	wmar-zniętemu
wmarznięto	wmar-znięto
wmarznięty	wmar-znięty
wmarzniętych	wmar-zniętych
wmarzniętym	wmar-zniętym
wmarzniętymi	wmar-zniętymi
wmarznij	wmar-znij
wmarznijcie	wmar-znijcie
wmarznijmy	wmar-znijmy
wymarzł	wymar-zł
wymarzła	wymar-zła
wymarzli	wymar-zli
wymarzło	wymar-zło
wymarzłszy	wymar-złszy
wymarzły	wymar-zły
wymarzną	wymar-zną
wymarznąć	wymar-znąć
wymarznę	wymar-znę
wymarznie	wymar-znie
wymarznięci	wymar-znięci
wymarznięcia	wymar-znięcia
wymarzniecie	wymar-zniecie
wymarznięcie	wymar-znięcie
wymarznięciem	wymar-znięciem
wymarznięciu	wymar-znięciu
wymarzniemy	wymar-zniemy
wymarzniesz	wymar-zniesz
wymarznięta	wymar-znięta
wymarzniętą	wymar-zniętą
wymarznięte	wymar-znięte
wymarzniętego	wymar-zniętego
wymarzniętej	wymar-zniętej
wymarzniętemu	wymar-zniętemu
wymarznięto	wymar-znięto
wymarznięty	wymar-znięty
wymarzniętych	wymar-zniętych
wymarzniętym	wymar-zniętym
wymarzniętymi	wymar-zniętymi
wymarznij	wymar-znij
wymarznijcie	wymar-znijcie
wymarznijmy	wymar-znijmy
zamarzł	zamar-zł
zamarzła	zamar-zła
zamarzli	zamar-zli
zamarzło	zamar-zło
zamarzłszy	zamar-złszy
zamarzły	zamar-zły
zamarzną	zamar-zną
zamarznąć	zamar-znąć
zamarznę	zamar-znę
zamarznie	zamar-znie
zamarznięci	zamar-znięci
zamarznięcia	zamar-znięcia
zamarzniecie	zamar-zniecie
zamarznięcie	zamar-znięcie
zamarznięciem	zamar-znięciem
zamarznięciu	zamar-znięciu
zamarzniemy	zamar-zniemy
zamarzniesz	zamar-zniesz
zamarznięta	zamar-znięta
zamarzniętą	zamar-zniętą
zamarznięte	zamar-znięte
zamarzniętego	zamar-zniętego
zamarzniętej	zamar-zniętej
zamarzniętemu	zamar-zniętemu
zamarznięto	zamar-znięto
zamarznięty	zamar-znięty
zamarzniętych	zamar-zniętych
zamarzniętym	zamar-zniętym
zamarzniętymi	zamar-zniętymi
zamarznij	zamar-znij
zamarznijcie	zamar-znijcie
zamarznijmy	zamar-znijmy
zmarzł	zmar-zł
zmarzła	zmar-zła
zmarzli	zmar-zli
zmarzło	zmar-zło
zmarzłszy	zmar-złszy
zmarzły	zmar-zły
zmarzną	zmar-zną
zmarznąć	zmar-znąć
zmarznę	zmar-znę
zmarznie	zmar-znie
zmarznięci	zmar-znięci
zmarznięcia	zmar-znięcia
zmarzniecie	zmar-zniecie
zmarznięcie	zmar-znięcie
zmarznięciem	zmar-znięciem
zmarznięciu	zmar-znięciu
zmarzniemy	zmar-zniemy
zmarzniesz	zmar-zniesz
zmarznięta	zmar-znięta
zmarzniętą	zmar-zniętą
zmarznięte	zmar-znięte
zmarzniętego	zmar-zniętego
zmarzniętej	zmar-zniętej
zmarzniętemu	zmar-zniętemu
zmarznięto	zmar-znięto
zmarznięty	zmar-znięty
zmarzniętych	zmar-zniętych
zmarzniętym	zmar-zniętym
zmarzniętymi	zmar-zniętymi
zmarznij	zmar-znij
zmarznijcie	zmar-znijcie
zmarznijmy	zmar-znijmy
Tiery'ego	tijerego
menu	meni
Curie	kiri
Molière	Molier
littéraire	literejr
Tours	tur
Nefchâtel	nefszatel
Abuzei	abuzej
Tair	tajr
Sainte-Sevère	sansewer
Nueil	nulej
Navarreins	nawaren
Grandlieu	grandlu
Blamontów-Chauvry	Blamontów-szewri
Cadignanów	kadinionów
Bessin	bisę
Bayeux	baje
incognito	inkognito
Richelieu	riszelje
Cayla	sela
Quotidienne	kłatidią
Fontaine'a	fontejna
Saint-Germain	sanżermę
Auge	og
Manerville	manerwil
Gaston	gastą
Gaston	gaston
Beauséant	bizą
Champignelles	szampiniel
d'Ajuda-Pinto	dażuda-pinto
Courcelles	korsel
d'Ajuda	dażuda
Beauséantów	bizantów
Champignon	szampinią
schon	szon
hexe	hekse
Teuf'l	tajfl
Hol'	hol
sechse	zekse
sechse	zechse
Mühlbruńskich	melbruńskich
